registro_id,data_evento,dia_festival,regiao,local_evento,area_palco,radio_estacao,artista,faixa_musical,estilo_musical,tipo_apresentacao,horario_inicio,duracao_min,pulseira_cor,nivel_pulseira,categoria_pulseira,capacidade_area,ingressos_emitidos,checkins,convidados,staff,pessoas_na_area,no_show,ocupacao_pct,preco_medio_ingresso_usd,receita_ingressos_usd,consumo_medio_pessoa_usd,receita_alimentos_bebidas_usd,receita_merch_usd,avaliacao_publico_0a10,incidentes_reportados,registro_sintetico,fonte_referencia
MUS-0001,2012/10/19,1,Main Stage,Festival Central,Palco Principal,Horizon Bass Arena,Avicii,Levels (Skrillex Mix),EDM,DJ set,12:00,40,Yellow,1,Rookie,24000,21478,20884,600,245,21729,594,90.5,54.47,1137551.48,44.46,488910.98,141417.92,8.9,5,Sim,https://forzahorizonwiki.com/wiki/forza-horizon/soundtrack/
MUS-0002,20-10-2012,2,Montano Plains,Montano Fields,Palco Sunset,Horizon Bass Arena,Azari & III,Reckless (With Your Love),Electro / House,DJ set,13:15,75,Blue,3,Intermediate,8580,7184,6984,174,124,7282,200,84.9,76.09,531412.56,38.67,203545.03,18654.58,8.8,0,Sim,https://forzahorizonwiki.com/wiki/forza-horizon/soundtrack/
MUS-0003,21/10/2012,3,Main Stage,Festival Central,Palco Principal,Horizon Bass Arena,Benny Benassi,Cinema (Skrillex Remix),Electro House,DJ set,14:30,40,Orange,5,Advanced,11040,8460,8110,509,125,8744,350,79.2,106.32,862255.2,35.13,179141.38,43833.22,9.2,2,Sim,https://forzahorizonwiki.com/wiki/forza-horizon/soundtrack/
MUS-0004,2012-10-22,4,Montano Plains,Montano Fields,Palco Sunset,Horizon Bass Arena,Chase & Status,Blind Faith (feat. Liam Bailey),Drum & Bass,DJ set,15h45,60,Gold,7,Elite/VIP,1980,1333,1170,22,21,1213,163,61.3,137.08,160383.6,49.44,29610.38,5658.69,8.4,0,Sim,https://forzahorizonwiki.com/wiki/forza-horizon/soundtrack/
"MUS-0005,2012/10/23,5,Main Stage,Festival Central,Palco Principal,Horizon Bass Arena,Chromeo,Hot Mess (Duck Sauce Mix),Electro Funk,DJ set,16:00,60 min,Green,2,Rookie,22080,15899,15332,443,316,16091,567,""72,9%"",""US$ 61,28"",939544.96,29.61,324490.56,147510.91,8.4,3,Sim,https://forzahorizonwiki.com/wiki/forza-horizon/soundtrack/"
"MUS-0006,24-10-2012,6,Montano Plains,Montano Fields,Palco Sunset,Horizon Bass Arena,Digitalism,Encore,Electro,DJ set,17:15,55,Pink,4,Intermediate,""6,930"",6188,5686,154,87,5927,502,0.855,100.85,""US$ 573.433,10"",42.04,161234.85,53365.73,9.1,0,Sim,https://forzahorizonwiki.com/wiki/forza-horizon/soundtrack/"
"MUS-0007,25/10/2012,7,Main Stage,Festival Central,Palco Principal,Horizon Bass Arena,DJ Fresh,The Power (feat. Dizzee Rascal),Drum & Bass,DJ set,18:30:00,50,Purple,6,Elite,7200,""5,173"",5026,154,76,5256,147,73.0 %,127.78,642222.28,""43,38 USD"",158549.01,23756.87,7.1,1,sim,https://forzahorizonwiki.com/wiki/forza-horizon/soundtrack/"
"MUS-0008,2012-10-19,Dia 1,Clear  Springs,Clear Springs Park,Palco Pulse,Horizon Bass Arena,Feed Me,Silicone Lube,Electro House,DJ set,19h45,55,Yellow,1,Rookie,8200,7350,7055,155,126,7336, 295 ,89.5,55.46,391270.3,30.08,144550.02,43568.26,""8,9/10"",1,Sim,https://forzahorizonwiki.com/wiki/forza-horizon/soundtrack/"
"MUS-0009,2012/10/20,2,Carson,Carson Street Hub,Palco Urbano,Horizon Bass Arena,Fenech-Soler,Lies (Alex Metric Remix),indietronica,DJ set,20:00,45,Blue,3,Intermediate,7410,6166,""5,522"",320,70,5912,644,79.8,$84.09,464344.98,33.49,98809.99,36213.27,9.3,1,Sim,https://forzahorizonwiki.com/wiki/forza-horizon/soundtrack/"
"MUS-0010,21-10-2012,3,Clear Springs,Clear Springs Park,palco pulse,Horizon Bass Arena,Madeon,Icarus,Electro House,DJ set,21:15,55 min,Orange,5,advanced,3772,3772,3336,51,57,3444,436,""91,3%"",""US$ 111,76"",372831.36,34.55,67592.39,13784.61,9.5,0 ocorrencias,Sim,https://forzahorizonwiki.com/wiki/forza-horizon/soundtrack/"
"MUS-0010,21-10-2012,3,Clear Springs,Clear Springs Park,palco pulse,Horizon Bass Arena,Madeon,Icarus,Electro House,DJ set,21:15,55 min,Orange,5,advanced,3772,3772,3336,51,57,3444,436,""91,3%"",""US$ 111,76"",372831.36,34.55,67592.39,13784.61,9.5,0 ocorrencias,Sim,https://forzahorizonwiki.com/wiki/forza-horizon/soundtrack/"
"MUS-0011,22/10/2012,4,Carson,Carson Street Hub,Palco Urbano,Horizon  Bass Arena,Modestep,Show Me A Sign,Dubstep,DJ set, 22:30 ,40,Gold,7,Elite/VIP,1.710 pessoas,1589,1387,73,22,1482,202,86.7,141.19,""$195,830.53"",36.85,36681.85,12278.69,9.1,1,Sim,https://forzahorizonwiki.com/wiki/forza-horizon/soundtrack/"
"MUS-0012,2012-10-23,5,Clear Springs,Clear Springs Park,Palco Pulse,Horizon Bass Arena,Mord Fustang,Lick The Rainbow,Electro House,DJ set,12h45, 60min ,Green,2,Rookie,""7,544"",6426,5739,238,60,6037,687,0.800,65.84,""US$ 377.855,76"",22.07,""US$ 78.462,26"",71602.16,8.7,0,TRUE,https://forzahorizonwiki.com/wiki/forza-horizon/soundtrack/"
"MUS-0013,2012/10/24,6,Carson,Carson Street Hub,Palco Urbano,Horizon Bass Arena,Mr Magnetik,Remanence (Junior Remix), ELECTRONIC ,DJ set,13:00,40,Pink,4,Intermediate,5985,4.330,3963,75,91,4129,367,69.0,100.69,399034.47,38.71,82750.35,36201.56,""8,9"",0,Sim,https://forzahorizonwiki.com/wiki/forza-horizon/soundtrack/"
"MUS-0014,25-10-2012,7,Clear Springs,Clear Springs Park,Palco Pulse,Horizon Bass Arena,Nero,Me & You,Dubstep,DJ set,14:15:00,50,Purple,6,Elite,2460,""2,083"", 1898 ,119,42,2059,185,83.7 %,124.98,237212.04,""38,17 USD"",53560.95,""$12,451.79"",9.1,0,sim,https://forzahorizonwiki.com/wiki/forza-horizon/soundtrack/"
"MUS-0015,19/10/2012,1,Red Rock,Red Rock Canyon,Palco Canyon,Horizon Bass Arena,Nero,Reaching Out (Fred Falke Remix),Electronic,DJ set,15:30,50 min,Yellow,1,Rookie,7200,5231,5065,81,97,5243,N/A,""72,8%"",""US$ 45,10"",228431.5,38.74,101082.06,16464.61,9.1,1,Sim,https://forzahorizonwiki.com/wiki/forza-horizon/soundtrack/"
"MUS-0016,2012-10-20,Dia 2,Finley Dam,Finley Dam Deck,Palco Dam,Horizon Bass Arena,New Order,Blue Monday,New Wave,DJ set,16h45,90,Blue,3,Intermediate,3900,3280,3102,121,52,, 178 ,84.0,76.4,236992.8,35.06,69136.09,11122.21,""8,2/10"",0,Sim,https://forzahorizonwiki.com/wiki/forza-horizon/soundtrack/"
 mus-0017 ,2012/10/21,3,Red Rock,Red Rock Canyon,Palco Canyon,Horizon Bass Arena,Porter Robinson,Language,Progressive House,DJ set,17:00,40,Orange,5,Advanced,3312,2638,2332,41,48,2421,306,73.1,101.85,237514.2,46.57,81197.14,8565.63,8.8,1,Sim,https://forzahorizonwiki.com/wiki/forza-horizon/soundtrack/
"MUS-0018,22-10-2012,,Finley Dam,FINLEY DAM DECK,Palco Dam,Horizon Bass Arena,Rusko,Everyday (Netsky VIP Remix),drum & bass,DJ set,18:15,40,Gold,7,Elite/VIP,900,612,584,22,18,624,28,0.693,$135.20,""US$ 78.956,80"",54.3,21857.97,1859.89,9.7,0,Sim,https://forzahorizonwiki.com/wiki/forza-horizon/soundtrack/"
MUS-0019,23/10/2012,5,Red Rock,Red Rock Canyon,Palco Canyon,Horizon Bass Arena,Rusko,Somebody to Love (Sigma Remix),Drum & Bass,DJ set,19:30,90,Green,2,Rookie,6624,6624,5814,333,64,6211,810,93.8,65.74,,45.4,211691.2,25241.83,9.1,1,Sim,https://forzahorizonwiki.com/wiki/forza-horizon/soundtrack/
"MUS-0020,2012-10-24,6,Finley Dam,Finley Dam Deck,Palco Dam,Horizon Bass Arena,Scuba,The Hope,Techno,DJ set,20h45,90 min,Pink,4,Intermediate,3150,3150,2811,82,47,2940,339,""93,3%"",""US$ 89,17"",250656.87,31.4,71139.89,23526.51,7.5,0 ocorrencias,1,https://forzahorizonwiki.com/wiki/forza-horizon/soundtrack/"
"MUS-0021,2012/10/25,7,Red Rock,Red Rock Canyon,Palco Canyon,Horizon Bass Arena,The Hacker,Bass 4,Electro,DJ set,21:00:00,45,Purple,6,Elite,2160,""1,392"",1271,51,35,1357,121,62.8 %,115.8,147181.8,""41,54 USD"",41454.49,4275.84,9.7,0,sim,https://forzahorizonwiki.com/wiki/forza-horizon/soundtrack/"
"MUS-0022,19-10-2012,1,Redfoot Ranch,Redfoot Ranch Grounds,Palco Ranch,HORIZON BASS ARENA,Wolfgang Gartner,Illmerica (Extended Version),Electro House,DJ set, 22:15 ,35,Yellow,,Rookie,6.800 pessoas,5396,4727,205,93,5025,669,73.9,53.67,""$253,698.09"",29.8,98098.2,37518.84,8.9,1,Sim,https://forzahorizonwiki.com/wiki/forza-horizon/soundtrack/"
MUS-0023,20/10/2012,2,Gladstone,Gladstone Outpost,Palco Norte,Horizon Pulse,Cut Copy,Need You Now,Indietronica,Festival set,12:30,55,Blue,3,Intermediate,4992,4632,4400,153,73,4626,232,92.7,79.4,349360.0,49.2,173139.33,11974.39,7.9,0,Sim,https://forzahorizonwiki.com/wiki/forza-horizon/soundtrack/
"MUS-0024,2012-10-21,Dia 3,redfoot ranch,Redfoot Ranch Grounds,Palco Ranch,Horizon Pulse,Electric Guest,Awake,Indie Pop,Festival set,13h45, 60min ,orange,5,Advanced,""3,128"",2073,1904,76,29,2009, 169 ,0.642,113.33,""US$ 215.780,32"",51.26,""US$ 60.847,36"",8033.18,""9,0/10"",0,TRUE,https://forzahorizonwiki.com/wiki/forza-horizon/soundtrack/"
"MUS-0025,2012/10/22,4,Gladstone,Gladstone Outpost,Palco Norte,Horizon Pulse,Empire of the Sun,Walking on a Dream,Synthpop,Festival set,14:00,55 min,Gold,7,Elite/VIP,1152,1017,886,42,18,946,131,""82,1%"",""US$ 142,04"",125847.44,30.81,21668.44,4741.76,9.3,0,Sim,https://forzahorizonwiki.com/wiki/forza-horizon/soundtrack/"
"MUS-0026,23-10-2012,5,Redfoot Ranch,Redfoot Ranch Grounds,Palco Ranch,Horizon Pulse,Fixers,Iron Deer Dream (Chad Valley Remix), INDIE ELECTRONIC ,Festival set,15:15,55,Green,2,Rookie,6256,4.296,4061,103,71,4235,235,67.7,66.08,268350.88,26.38,84062.93,12631.27,""7,7"",0,Sim,https://forzahorizonwiki.com/wiki/forza-horizon/soundtrack/"
"MUS-0027,24/10/2012,6,Gladstone,Gladstone Outpost,Palco Norte,Horizon Pulse,Foster The People,Don't Stop (Color on the Walls),indie pop,Festival set,16:30,45,Pink,4,Intermediate,4032,2576,""2,421"",52,71,2544,155,63.1,$97.38,235756.98,39.3,60817.95,6593.7,9.7,1,Sim,https://forzahorizonwiki.com/wiki/forza-horizon/soundtrack/"
"MUS-0028,2012-10-25,7,Redfoot Ranch,Redfoot Ranch Grounds,Palco Ranch,Horizon Pulse,Friendly Fires,Hawaiian Air,Indie Dance,Festival set,17h45,45,Purple,6,Elite,2040,""2,040"", 1872 ,106,28,2006,168,98.3 %,121.02,226549.44,""27,10 USD"",32041.07,""$22,796.86"",8.7,0,sim,https://forzahorizonwiki.com/wiki/forza-horizon/soundtrack/"
MUS-0029,2012/10/19,1,Montano Plains,Montano Fields,Palco Sunset,Horizon Pulse,Friendly Fires,Hurting,Indie Dance,Festival set,18:00,75,Yellow,1,N/A,11000,8512,7689,371,126,8186,823,74.4,58.63,450806.07,40.03,248296.91,38875.35,9.1,3,Sim,https://forzahorizonwiki.com/wiki/forza-horizon/soundtrack/
"MUS-0030,20-10-2012,2,Main Stage,Festival Central,Palco  Principal,Horizon Pulse,Hooray for Earth,No Love,Indie Rock,Festival set,19:15,75 min,Blue,3,Intermediate,""18,720"",13031,12141,290,322,12753,N/A,0.681,""US$ 84,23"",""US$ 1.022.636,43"",47.19,435246.86,64206.95,8.6,2 ocorrencias,Sim,https://forzahorizonwiki.com/wiki/forza-horizon/soundtrack/"
MUS-0031,21/10/2012,3,Montano Plains,Montano Fields,Palco Sunset,Horizon Pulse,Hot Chip,Over & Over,Indietronica,Festival set,20:30,90,Orange,5,Advanced,5060,5034,4454,116,81,4651,580,91.9,105.9,471678.6,49.44,170480.84,21477.27,8.1,0,Sim,https://forzahorizonwiki.com/wiki/forza-horizon/soundtrack/
"MUS-0032,2012-10-22,Dia 4,Main  Stage,Festival Central,Palco Principal,Horizon Pulse,Ladyhawke,""Black, White and Blue"",Synthpop,Festival set,21h45,75,Gold,7,Elite/VIP,4320,3195,3091,165,49,, 104 ,76.5,138.51,428134.41,53.75,102917.01,9129.09,""8,9/10"",0,Sim,https://forzahorizonwiki.com/wiki/forza-horizon/soundtrack/"
"MUS-0033,2012/10/23,5,Montano Plains,Montano Fields,Palco Sunset,horizon pulse,Maverick Sabre,Let Me Go,Soul / Pop,Festival set, 22:00 ,60,Green,2,Rookie,10.120 pessoas,8800,7671,129,141,7941,1129,78.5,69.2,""$530,833.20"",28.32,148845.71,58434.0,7.9,2,Sim,https://forzahorizonwiki.com/wiki/forza-horizon/soundtrack/"
 mus-0034 ,24-10-2012,6,Main Stage,Festival Central,Palco Principal,Horizon Pulse,Miike Snow,Paddling Out,Indie Pop,Festival set,12:15,50,Pink,4,Intermediate,15120,11030,9933,149,260,10342,1097,68.4,92.1,914829.3,24.37,171199.83,58296.82,8.0,3,Sim,https://forzahorizonwiki.com/wiki/forza-horizon/soundtrack/
"MUS-0035,25/10/2012,7,Montano Plains,Montano Fields,Palco Sunset,Horizon Pulse,Noah and the Whale,Life is Life (Yuksek Remix),Indie Electronic,Festival set,13:30:00,75 min,Purple,6,Elite,3300,""3,067"",2893,88,39,3020,174,""91,5%"",""US$ 124,76"",360930.68,""42,99 USD"",69790.27,26626.83,7.7,1,sim,https://forzahorizonwiki.com/wiki/forza-horizon/soundtrack/"
"MUS-0036,2012-10-19,,Carson,CARSON STREET HUB,Palco Urbano,Horizon Pulse,Passion Pit,Take A Walk,indie pop,Festival set,14h45, 55min ,Yellow,1,Rookie,""9,500"",6600,""6,040"",213,155,6408,560,0.675,$49.02,""US$ 296.080,80"",30.13,""US$ 126.268,89"",55875.86,7.8,1,TRUE,https://forzahorizonwiki.com/wiki/forza-horizon/soundtrack/"
  MUS-0037,2012/10/20,2,Clear Springs,Clear Springs Park,Palco Pulse,Horizon Pulse,Phoenix,1901,Indie Rock,Festival set,15:00,45,Blue,3,Intermediate,6396,4553,4212,252,102,4566,341,71.4,82.22,346310.64,29.2,90549.99,38276.68,9.8,2,Sim,https://forzahorizonwiki.com/wiki/forza-horizon/soundtrack/
MUS-0038,21-10-2012,3,Carson,Carson Street Hub,Palco Urbano,Horizon Pulse,Sam and the Womp,Bom Bom,Dance Pop,Festival set,16:15,35,Orange,5,Advanced,4370,3150,2968,164,41,3173,182,72.6,104.43,,38.73,90314.69,10127.8,7.7,1,Sim,https://forzahorizonwiki.com/wiki/forza-horizon/soundtrack/
MUS-0038,21-10-2012,3,Carson,Carson Street Hub,Palco Urbano,Horizon Pulse,Sam and the Womp,Bom Bom,Dance Pop,Festival set,16:15,35,Orange,5,Advanced,4370,3150,2968,164,41,3173,182,72.6,104.43,,38.73,90314.69,10127.8,7.7,1,Sim,https://forzahorizonwiki.com/wiki/forza-horizon/soundtrack/
"MUS-0039,22/10/2012,4,Clear Springs,Clear Springs Park,Palco Pulse,Horizon Pulse,Santigold,Disparate Youth, ALTERNATIVE POP ,Festival set,17:30,35,Gold,7,Elite/VIP,1476,1.038,936,37,18,991,102,67.1,141.5,132444.0,54.27,40101.67,9805.94,""8,7"",1,Sim,https://forzahorizonwiki.com/wiki/forza-horizon/soundtrack/"
"MUS-0040,2012-10-23,Dia 5,Carson,Carson Street Hub,palco urbano,Horizon Pulse,Tesla Boy,Spirit of the Night,Synthpop,Festival set,18h45,40 min,Green,2,rookie,8740,8034,7441,318,150,7909, 593 ,""90,5%"",""US$ 65,39"",486566.99,43.44,233719.44,93998.29,""7,2/10"",0 ocorrencias,1,https://forzahorizonwiki.com/wiki/forza-horizon/soundtrack/"
MUS-0041,2012/10/24,6,Clear Springs,Clear Springs Park,Palco Pulse,Horizon Pulse,The Maccabees,Pelican,Indie Rock,Festival set,19:00,90,Pink,4,Intermediate,5166,5166,4704,239,67,5010,462,97.0,99.56,468330.24,45.25,141100.16,24861.22,8.5,2,Sim,https://forzahorizonwiki.com/wiki/forza-horizon/soundtrack/
"MUS-0042,25-10-2012,7,Carson,Carson Street Hub,Palco Urbano,Horizon Pulse,The Naked & Famous,Punching in a Dream,Indie Electronic,Festival set,20:15:00,40,Purple,6,Elite,""2,850"",""2,705"", 2489 ,115,30,2634,216,0.924,124.99,""US$ 311.100,11"",""33,07 USD"",50587.4,""$28,931.21"",8.8,0,sim,https://forzahorizonwiki.com/wiki/forza-horizon/soundtrack/"
MUS-0043,19/10/2012,1,Finley Dam,Finley Dam Deck,Palco Dam,Horizon Pulse,Tom Vek,Aroused,Indie Electronic,Festival set,21:30,60,Yellow,1,Rookie,5000,3923,3761,96,60,3917,162,78.3,52.6,197828.6,29.69,63038.14,25426.67,9.2,0,Sim,https://forzahorizonwiki.com/wiki/forza-horizon/soundtrack/
"MUS-0044,2012-10-20,2,Red Rock,Red Rock Canyon,Palco Canyon,  Horizon Pulse ,Two Door Cinema Club,Something Good Can Work (The Twelves Remix),Indie Dance,Festival set,22h45,35,Blue,,Intermediate,5.616 pessoas,5161,4567,243,66,4876,594,86.8,86.2,""$393,675.40"",29.66,86338.85,53492.62,8.9,0,Sim,https://forzahorizonwiki.com/wiki/forza-horizon/soundtrack/"
"MUS-0045,2012/10/21,3,Finley Dam,Finley Dam Deck,Palco Dam,Horizon Pulse,Willy Moon,Yeah Yeah,indie pop,Festival set,12:00,55 min,Orange,5,Advanced,2300,2152,""1,917"",114,29,2060,N/A,""89,6%"",""US$ 107,10"",205310.7,24.9,29793.55,18440.81,8.2,0,Sim,https://forzahorizonwiki.com/wiki/forza-horizon/soundtrack/"
MUS-0046,22-10-2012,4,Red Rock,Red Rock Canyon,Palco Canyon,Horizon Rocks,Arctic Monkeys,R U Mine?,Indie Rock,Live set,13:15,75,Gold,7,Elite/VIP,1296,1063,1022,47,18,1087,41,83.9,137.29,140310.38,48.15,26440.86,7143.57,8.8,0,Sim,https://forzahorizonwiki.com/wiki/forza-horizon/soundtrack/
MUS-0047,23/10/2012,5,Finley Dam,Finley Dam Deck,Palco Dam,Horizon Rocks,The Black Keys,Lonely Boy,Blues Rock,Live set,14:30,75,Green,2,Rookie,4600,3366,3166,119,52,3337,200,72.5,62.9,199141.4,48.09,97323.99,34810.43,7.4,1,Sim,https://forzahorizonwiki.com/wiki/forza-horizon/soundtrack/
"MUS-0048,2012-10-24,Dia 6,red rock,Red Rock Canyon,Palco Canyon,Horizon Rocks,Four Year Strong,The Infected,Pop Punk,Live set,15h45, 35min ,pink,4,Intermediate,""4,536"",2913,2549,66,39,, 364 ,0.585,97.56,""US$ 248.680,44"",51.64,""US$ 73.982,10"",7148.84,""8,7/10"",0,TRUE,https://forzahorizonwiki.com/wiki/forza-horizon/soundtrack/"
"MUS-0049,2012/10/25,7,Finley Dam,Finley Dam Deck,Palco Dam,Horizon Rocks,Howler,Back of Your Neck,Indie Rock,Live set,16:00:00,60,Purple,6,Elite,1500,""1,361"",1246,32,22,1300,115,86.7 %,117.35,146218.1,""44,62 USD"",40858.13,4664.48,9.2,0,sim,https://forzahorizonwiki.com/wiki/forza-horizon/soundtrack/"
"MUS-0050,19-10-2012,1,Gladstone,Gladstone Outpost,Palco Norte,Horizon Rocks,LCD Soundsystem,Give It Up,Dance Punk,Live set,17:15,75 min,Yellow,1,Rookie,6400,4265,4146,126,94,4366,119,""68,2%"",""US$ 50,55"",209580.3,38.97,85547.73,39559.61,8.3,0 ocorrencias,Sim,https://forzahorizonwiki.com/wiki/forza-horizon/soundtrack/"
 mus-0051 ,20/10/2012,2,Redfoot Ranch,Redfoot Ranch Grounds,Palco Ranch,Horizon Rocks,Lostprophets,Bring Em Down,Alternative Rock,Live set,18:30,35,Blue,3,Intermediate,5304,5050,4472,201,48,4721,578,89.0,77.86,348189.92,33.68,93998.17,34494.59,7.8,2,Sim,https://forzahorizonwiki.com/wiki/forza-horizon/soundtrack/
"MUS-0052,2012-10-21,3,Gladstone,Gladstone Outpost,Palco Norte,Horizon Rocks,Lostprophets,We Bring An Arsenal, ALTERNATIVE ROCK ,Live set,19h45,90,Orange,5,Advanced,2944,2.866,2762,174,42,2944,104,100.0,110.9,306305.8,37.5,77295.3,34362.37,""8,4"",1,Sim,https://forzahorizonwiki.com/wiki/forza-horizon/soundtrack/"
MUS-0053,2012/10/22,4,Redfoot Ranch,Redfoot Ranch Grounds,Palco Ranch,Horizon Rocks,Mona,Teenager,Alternative Rock,Live set,20:00,55,Gold,7,Elite/VIP,1224,1042,963,35,18,1016,79,83.0,133.51,128570.13,35.21,27201.58,5232.22,7.5,0,Sim,https://forzahorizonwiki.com/wiki/forza-horizon/soundtrack/
"MUS-0054,23-10-2012,,Gladstone,GLADSTONE OUTPOST,Palco Norte,Horizon Rocks,Neon Trees,Animal,alternative rock,Live set,21:15,60,Green,2,Rookie,""5,888"",5093,""4,608"",146,76,4830,485,0.820,$61.55,""US$ 283.622,40"",25.18,87486.88,27691.45,9.2,0,Sim,https://forzahorizonwiki.com/wiki/forza-horizon/soundtrack/"
"MUS-0055,24/10/2012,6,Redfoot Ranch,Redfoot Ranch Grounds,Palco Ranch,Horizon Rocks,Pulled Apart By Horses,""Wildfire, Smoke & Doom"",Alternative Rock,Live set, 22:30 ,75 min,Pink,4,Intermediate,4.284 pessoas,3164,3081,192,37,3310,83,""77,3%"",""US$ 93,84"",""$289,121.04"",45.7,103948.08,28585.42,7.3,0,Sim,https://forzahorizonwiki.com/wiki/forza-horizon/soundtrack/"
"MUS-0056,2012-10-25,Dia 7,Gladstone,Gladstone Outpost,Palco Norte,Horizon Rocks,Silversun Pickups,Lazy Eye,Alternative Rock,Live set,12h45,60,Purple,6,Elite,1920,""1,267"", 1205 ,59,21,1285, 62 ,66.9 %,121.63,146564.15,""42,26 USD"",32997.95,""$12,318.51"",""8,0/10"",1,sim,https://forzahorizonwiki.com/wiki/forza-horizon/soundtrack/"
MUS-0057,2012/10/19,1,Main Stage,Festival Central,Palco Principal,Horizon Rocks,The Duke Spirit,Surrender,Alternative Rock,Live set,13:00,40,Yellow,1,Rookie,24000,17675,16766,352,238,17356,909,72.3,55.4,,46.28,551862.32,74971.66,8.5,3,Sim,https://forzahorizonwiki.com/wiki/forza-horizon/soundtrack/
MUS-0058,20-10-2012,2,Montano Plains,Montano Fields,Palco Sunset,Horizon Rocks,The Enemy,Away from Here,Indie Rock,Live set,14:15,50,Blue,3,N/A,8580,7494,6708,300,152,7160,786,83.4,77.15,517522.2,31.59,129078.98,66059.42,8.6,1,Sim,https://forzahorizonwiki.com/wiki/forza-horizon/soundtrack/
MUS-0059,21/10/2012,3,Main Stage,Festival Central,Palco Principal,Horizon Rocks,The Enemy,Had Enough,Indie Rock,Live set,15:30,90,Orange,5,Advanced,11040,7103,6707,417,158,7282,396,66.0,102.44,687065.08,24.38,100360.95,51321.97,7.6,3,Sim,https://forzahorizonwiki.com/wiki/forza-horizon/soundtrack/
"MUS-0060,2012-10-22,4,Montano Plains,Montano Fields,Palco  Sunset,Horizon Rocks,The Hives,Hate To Say I Told You So,Garage Rock,Live set,16h45,90 min,Gold,7,Elite/VIP,""1,980"",1442,1275,26,18,1319,N/A,0.666,""US$ 130,04"",""US$ 165.801,00"",47.11,""US$ 30.825,63"",5167.02,8.0,0 ocorrencias,TRUE,https://forzahorizonwiki.com/wiki/forza-horizon/soundtrack/"
MUS-0061,2012/10/23,5,Main Stage,Festival Central,Palco Principal,Horizon Rocks,The Stone Roses,She Bangs The Drums,Alternative Rock,Live set,17:00,50,Green,2,Rookie,22080,22080,21253,1131,310,22080,827,100.0,69.86,1484734.58,30.39,504970.36,117572.79,7.9,4,Sim,https://forzahorizonwiki.com/wiki/forza-horizon/soundtrack/
MUS-0062,24-10-2012,6,Montano Plains,Montano Fields,Palco Sunset,Horizon Rocks,The Subways,Rock & Roll Queen,Indie Rock,Live set,18:15,50,Pink,4,Intermediate,6930,5991,5803,365,62,6230,188,89.9,95.76,555695.28,30.4,95521.04,29771.42,8.1,1,Sim,https://forzahorizonwiki.com/wiki/forza-horizon/soundtrack/
"MUS-0063,25/10/2012,7,Main Stage,Festival Central,Palco Principal,Horizon Rocks,TOY,Motoring,psychedelic rock,Live set,19:30:00,55,Purple,6,Elite,7200,""5,728"",""5,170"",199,59,5428,558,75.4 %,$124.90,645733.0,""47,59 USD"",159178.3,49015.69,9.5,0,sim,https://forzahorizonwiki.com/wiki/forza-horizon/soundtrack/"
"MUS-0064,2012-10-19,Dia 1,Clear Springs,Clear Springs Park,Palco Pulse,Horizon Rocks,Wavves,Bug,Noise Pop,Live set,20h45,50,Yellow,1,Rookie,8200,7287,6598,406,100,, 689 ,86.6,54.07,356753.86,44.96,232516.77,22579.31,""8,8/10"",2,Sim,https://forzahorizonwiki.com/wiki/forza-horizon/soundtrack/"
"MUS-0065,2012/10/20,2,Carson,Carson Street Hub,Palco Urbano,Horizon Rocks,White Lies,Farewell to the Fairground, POST PUNK ,Live set,21:00,55 min,Blue,3,Intermediate,7410,6.980,6388,188,68,6644,592,""89,7%"",""US$ 82,80"",528926.4,49.62,207742.13,47777.37,""8,7"",1,Sim,https://forzahorizonwiki.com/wiki/forza-horizon/soundtrack/"
"MUS-0066,21-10-2012,3,Clear Springs,Clear Springs Park,Palco Pulse,Horizon Rocks,You Me At Six,Bite My Tongue (feat. Oli Sykes),Post Hardcore,Live set, 22:15 ,35,Orange,,Advanced,""3,772"",3039,2860,78,33,2971,179,0.788,114.99,""US$ 328.871,40"",44.84,74716.68,8563.02,8.5,0,Sim,https://forzahorizonwiki.com/wiki/forza-horizon/soundtrack/"
MUS-0067,22/10/2012,4,Carson,Carson Street Hub,Palco Urbano,Horizon Rocks,Yuck,Get Away,Indie Rock,Live set,12:30,90,Gold,7,Elite/VIP,1710,1539,1352,32,23,1407,187,82.3,142.57,192754.64,42.17,35748.51,7808.93,8.8,0,Sim,https://forzahorizonwiki.com/wiki/forza-horizon/soundtrack/
 mus-0068 ,2012-10-23,5,Clear Springs,Clear Springs Park,Palco Pulse,Horizon Bass Arena,Avicii,Levels (Skrillex Mix),EDM,DJ set,13h45,35,Green,2,Rookie,7544,6012,5548,267,90,5905,464,78.3,65.37,362672.76,28.35,96590.7,69187.44,7.9,1,Sim,https://forzahorizonwiki.com/wiki/forza-horizon/soundtrack/
MUS-0069,2012/10/24,6,Carson,Carson Street Hub,Palco Urbano,Horizon Bass Arena,Azari & III,Reckless (With Your Love),Electro / House,DJ set,14:00,50,Pink,4,Intermediate,5985,5985,5422,228,72,5722,563,95.6,94.26,511077.72,41.5,149494.34,38333.9,9.0,1,Sim,https://forzahorizonwiki.com/wiki/forza-horizon/soundtrack/
"MUS-0070,25-10-2012,7,Clear Springs,Clear Springs Park,palco pulse,Horizon Bass Arena,Benny Benassi,Cinema (Skrillex Remix),Electro House,DJ set,15:15:00,35 min,Purple,6,elite,2460,""1,663"", 1571 ,92,31,1694,92,""68,9%"",""US$ 128,62"",202062.02,""44,68 USD"",41763.78,""$6,783.78"",7.7,0 ocorrencias,sim,https://forzahorizonwiki.com/wiki/forza-horizon/soundtrack/"
"MUS-0070,25-10-2012,7,Clear Springs,Clear Springs Park,palco pulse,Horizon Bass Arena,Benny Benassi,Cinema (Skrillex Remix),Electro House,DJ set,15:15:00,35 min,Purple,6,elite,2460,""1,663"", 1571 ,92,31,1694,92,""68,9%"",""US$ 128,62"",202062.02,""44,68 USD"",41763.78,""$6,783.78"",7.7,0 ocorrencias,sim,https://forzahorizonwiki.com/wiki/forza-horizon/soundtrack/"
MUS-0071,19/10/2012,1,Red Rock,Red Rock Canyon,Palco Canyon,Horizon Bass Arena,Chase & Status,Blind Faith (feat. Liam Bailey),Drum & Bass,DJ set,16:30,40,Yellow,1,Rookie,7200,4752,4138,250,90,4478,614,62.2,54.07,223741.66,21.57,73389.04,23611.08,8.3,0,Sim,https://forzahorizonwiki.com/wiki/forza-horizon/soundtrack/
"MUS-0072,2012-10-20,,finley dam,FINLEY DAM DECK,Palco Dam,Horizon Bass Arena,Chromeo,Hot Mess (Duck Sauce Mix),electro funk,DJ set,17h45, 50min ,blue,3,Intermediate,""3,900"",3227,""2,986"",112,36,3134, 241 ,0.804,$85.91,""US$ 256.527,26"",36.16,""US$ 84.291,22"",33559.67,""8,3/10"",1,TRUE,https://forzahorizonwiki.com/wiki/forza-horizon/soundtrack/"
MUS-0073,2012/10/21,3,Red Rock,Red Rock Canyon,Palco Canyon,Horizon Bass Arena,Digitalism,Encore,Electro,DJ set,18:00,55,Orange,5,Advanced,3312,2644,2318,93,53,2464,326,74.4,111.16,257668.88,49.96,80505.51,21607.89,9.0,0,Sim,https://forzahorizonwiki.com/wiki/forza-horizon/soundtrack/
  MUS-0074,22-10-2012,4,Finley Dam,Finley Dam Deck,Palco Dam,Horizon Bass Arena,DJ Fresh,The Power (feat. Dizzee Rascal),Drum & Bass,DJ set,19:15,60,Gold,7,Elite/VIP,900,745,700,37,18,755,45,83.9,141.17,98819.0,58.0,24156.39,4634.36,8.9,0,Sim,https://forzahorizonwiki.com/wiki/forza-horizon/soundtrack/
"MUS-0075,23/10/2012,5,Red Rock,Red Rock Canyon,Palco Canyon,Horizon Bass Arena,Feed Me,Silicone Lube,Electro House,DJ set,20:30,45 min,Green,2,Rookie,6624,5013,4638,281,78,4997,N/A,""75,4%"",""US$ 65,93"",305783.34,19.75,62243.01,40509.25,9.4,0,Sim,https://forzahorizonwiki.com/wiki/forza-horizon/soundtrack/"
MUS-0076,2012-10-24,6,Finley Dam,Finley Dam Deck,Palco Dam,Horizon Bass Arena,Fenech-Soler,Lies (Alex Metric Remix),Indietronica,DJ set,21h45,75,Pink,4,Intermediate,3150,2549,2344,88,47,2479,205,78.7,99.19,,52.27,65105.93,24602.81,8.4,1,Sim,https://forzahorizonwiki.com/wiki/forza-horizon/soundtrack/
"MUS-0077,2012/10/25,7,Red Rock,Red Rock Canyon,Palco Canyon,Horizon  Bass Arena,Madeon,Icarus,Electro House,DJ set,22:00:00,75,Purple,6,Elite,2.160 pessoas,""1,708"",1650,51,31,1732,58,80.2 %,128.36,""$211,794.00"",""45,23 USD"",58458.56,12358.69,7.6,0,sim,https://forzahorizonwiki.com/wiki/forza-horizon/soundtrack/"
"MUS-0078,19-10-2012,1,Redfoot Ranch,Redfoot Ranch Grounds,Palco Ranch,Horizon Bass Arena,Modestep,Show Me A Sign, DUBSTEP ,DJ set,12:15,40,Yellow,1,Rookie,""6,800"",4.902,4427,130,69,4626,475,0.680,51.08,""US$ 226.131,16"",19.85,61534.91,49912.24,""7,6"",1,Sim,https://forzahorizonwiki.com/wiki/forza-horizon/soundtrack/"
MUS-0079,20/10/2012,2,Gladstone,Gladstone Outpost,Palco Norte,Horizon Bass Arena,Mord Fustang,Lick The Rainbow,Electro House,DJ set,13:30,60,Blue,3,Intermediate,4992,4992,4843,265,54,4992,149,100.0,79.03,382742.29,27.97,84280.57,44813.7,8.7,1,Sim,https://forzahorizonwiki.com/wiki/forza-horizon/soundtrack/
"MUS-0080,2012-10-21,Dia 3,Redfoot  Ranch,Redfoot Ranch Grounds,Palco Ranch,Horizon Bass Arena,Mr Magnetik,Remanence (Junior Remix),Electronic,DJ set,14h45,45 min,Orange,5,Advanced,3128,2759,2579,126,40,, 180 ,""87,8%"",""US$ 104,25"",268860.75,43.78,74253.35,24252.04,""9,1/10"",0 ocorrencias,1,https://forzahorizonwiki.com/wiki/forza-horizon/soundtrack/"
MUS-0081,2012/10/22,4,Gladstone,Gladstone Outpost,Palco Norte,Horizon Bass Arena,Nero,Me & You,dubstep,DJ set,15:00,55,Gold,7,Elite/VIP,1152,856,785,14,20,819,71,71.1,$137.95,108290.75,40.75,18523.69,8624.39,8.7,0,Sim,https://forzahorizonwiki.com/wiki/forza-horizon/soundtrack/
MUS-0082,23-10-2012,5,Redfoot Ranch,Redfoot Ranch Grounds,Palco Ranch,Horizon Bass Arena,Nero,Reaching Out (Fred Falke Remix),Electronic,DJ set,16:15,55,Green,2,Rookie,6256,5178,4919,214,86,5219,259,83.4,59.31,291745.89,44.33,138523.85,13449.0,9.2,0,Sim,https://forzahorizonwiki.com/wiki/forza-horizon/soundtrack/
MUS-0083,24/10/2012,6,Gladstone,Gladstone Outpost,Palco Norte,Horizon Bass Arena,New Order,Blue Monday,New Wave,DJ set,17:30,55,Pink,4,Intermediate,4032,4032,3545,185,65,3795,487,94.1,97.86,346913.7,29.33,80205.8,17383.16,8.7,1,Sim,https://forzahorizonwiki.com/wiki/forza-horizon/soundtrack/
"MUS-0084,2012-10-25,7,Redfoot Ranch,Redfoot Ranch Grounds,Palco Ranch,Horizon Bass Arena,Porter Robinson,Language,Progressive House,DJ set,18h45, 40min ,Purple,6,Elite,""2,040"",""1,927"", 1723 ,84,19,1826,204,0.895,127.65,""US$ 219.940,95"",""45,84 USD"",""US$ 47.935,50"",""$12,211.96"",7.6,0,TRUE,https://forzahorizonwiki.com/wiki/forza-horizon/soundtrack/"
" mus-0085 ,2012/10/19,1,Montano Plains,Montano Fields,Palco Sunset,Horizon Bass Arena,Rusko,Everyday (Netsky VIP Remix),Drum & Bass,DJ set,19:00,45 min,Yellow,1,Rookie,11000,7246,6840,358,107,7305,406,""66,4%"",""US$ 56,01"",383108.4,43.97,189430.53,53085.8,8.4,2,Sim,https://forzahorizonwiki.com/wiki/forza-horizon/soundtrack/"
MUS-0086,20-10-2012,2,Main Stage,Festival Central,Palco Principal,Horizon Bass Arena,Rusko,Somebody to Love (Sigma Remix),Drum & Bass,DJ set,20:15,60,Blue,3,Intermediate,18720,18720,16396,1039,205,17640,2324,94.2,84.26,1381526.96,34.92,309589.69,170480.71,8.6,5,Sim,https://forzahorizonwiki.com/wiki/forza-horizon/soundtrack/
MUS-0087,21/10/2012,3,Montano Plains,Montano Fields,Palco Sunset,Horizon Bass Arena,Scuba,The Hope,Techno,DJ set,21:30,40,Orange,5,N/A,5060,4604,4296,246,68,4610,308,91.1,112.07,481452.72,24.43,72187.71,31442.35,8.0,0,Sim,https://forzahorizonwiki.com/wiki/forza-horizon/soundtrack/
"MUS-0088,2012-10-22,Dia 4,Main Stage,Festival Central,Palco Principal,HORIZON BASS ARENA,The Hacker,Bass 4,Electro,DJ set,22h45,50,Gold,,Elite/VIP,4.320 pessoas,3764,3344,207,39,3590, 420 ,83.1,135.6,""$453,446.40"",46.81,128212.27,20161.65,""7,8/10"",0,Sim,https://forzahorizonwiki.com/wiki/forza-horizon/soundtrack/"
MUS-0089,2012/10/23,5,Montano Plains,Montano Fields,Palco Sunset,Horizon Bass Arena,Wolfgang Gartner,Illmerica (Extended Version),Electro House,DJ set,12:00,40,Green,2,Rookie,10120,9039,8372,419,146,8937,667,88.3,60.96,510357.12,47.93,244720.61,64167.07,9.6,2,Sim,https://forzahorizonwiki.com/wiki/forza-horizon/soundtrack/
"MUS-0090,24-10-2012,,Main Stage,FESTIVAL CENTRAL,Palco  Principal,Horizon Pulse,Cut Copy,Need You Now,indietronica,Festival set,13:15,75 min,Pink,4,Intermediate,""15,120"",10256,""9,511"",461,233,10205,N/A,0.675,""US$ 95,22"",""US$ 905.637,42"",44.72,340278.7,89005.54,9.0,1 ocorrencias,Sim,https://forzahorizonwiki.com/wiki/forza-horizon/soundtrack/"
"MUS-0091,25/10/2012,7,Montano Plains,Montano Fields,Palco Sunset,Horizon Pulse,Electric Guest,Awake, INDIE POP ,Festival set,14:30:00,90,Purple,6,Elite,3300,""3,300"",3120,154,33,3300,180,100.0 %,128.31,400327.2,""52,32 USD"",88021.13,29746.08,""6,8"",0,sim,https://forzahorizonwiki.com/wiki/forza-horizon/soundtrack/"
MUS-0092,2012-10-19,1,Carson,Carson Street Hub,Palco Urbano,Horizon Pulse,Empire of the Sun,Walking on a Dream,Synthpop,Festival set,15h45,90,Yellow,1,Rookie,9500,7355,6863,168,87,7118,492,74.9,46.28,317619.64,23.38,111808.14,83461.3,9.1,1,Sim,https://forzahorizonwiki.com/wiki/forza-horizon/soundtrack/
MUS-0093,2012/10/20,2,Clear Springs,Clear Springs Park,Palco Pulse,Horizon Pulse,Fixers,Iron Deer Dream (Chad Valley Remix),Indie Electronic,Festival set,16:00,50,Blue,3,Intermediate,6396,6396,5707,144,104,5955,689,93.1,81.21,463465.47,45.6,149324.14,58695.47,8.7,0,Sim,https://forzahorizonwiki.com/wiki/forza-horizon/soundtrack/
MUS-0094,21-10-2012,3,Carson,Carson Street Hub,Palco Urbano,Horizon Pulse,Foster The People,Don't Stop (Color on the Walls),Indie Pop,Festival set,17:15,45,Orange,5,Advanced,4370,3230,2815,181,58,3054,415,69.9,102.54,288650.1,50.86,80698.45,18028.68,8.7,0,Sim,https://forzahorizonwiki.com/wiki/forza-horizon/soundtrack/
"MUS-0095,22/10/2012,4,Clear Springs,Clear Springs Park,Palco Pulse,Horizon Pulse,Friendly Fires,Hawaiian Air,Indie Dance,Festival set,18:30,40 min,Gold,7,Elite/VIP,1476,925,876,18,18,912,49,""61,8%"",""US$ 139,44"",,42.36,27560.49,6726.69,9.1,0,Sim,https://forzahorizonwiki.com/wiki/forza-horizon/soundtrack/"
"MUS-0096,2012-10-23,Dia 5,carson,Carson Street Hub,Palco Urbano,Horizon Pulse,Friendly Fires,Hurting,Indie Dance,Festival set,19h45, 55min ,green,2,Rookie,""8,740"",8740,8481,459,145,, 259 ,1.000,65.41,""US$ 554.742,21"",48.48,""US$ 211.115,09"",61619.87,""7,7/10"",2,TRUE,https://forzahorizonwiki.com/wiki/forza-horizon/soundtrack/"
MUS-0097,2012/10/24,6,Clear Springs,Clear Springs Park,Palco Pulse,Horizon Pulse,Hooray for Earth,No Love,Indie Rock,Festival set,20:00,45,Pink,4,Intermediate,5166,4291,3773,70,45,3888,518,75.3,87.92,331722.16,30.73,80041.22,29974.09,7.5,2,Sim,https://forzahorizonwiki.com/wiki/forza-horizon/soundtrack/
"MUS-0098,25-10-2012,7,Carson,Carson Street Hub,Palco Urbano,Horizon Pulse,Hot Chip,Over & Over,Indietronica,Festival set,21:15:00,40,Purple,6,Elite,2850,""2,417"", 2241 ,101,25,2367,176,83.1 %,126.94,284472.54,""45,98 USD"",77347.58,""$22,126.67"",8.7,1,sim,https://forzahorizonwiki.com/wiki/forza-horizon/soundtrack/"
"MUS-0099,19/10/2012,1,Finley Dam,Finley Dam Deck,Palco Dam,horizon pulse,Ladyhawke,""Black, White and Blue"",synthpop,Festival set, 22:30 ,40,Yellow,1,Rookie,5.000 pessoas,3591,""3,373"",127,60,3560,218,71.2,$49.38,""$166,558.74"",26.49,52477.28,41150.5,8.2,0,Sim,https://forzahorizonwiki.com/wiki/forza-horizon/soundtrack/"
"MUS-0100,2012-10-20,2,Red Rock,Red Rock Canyon,palco canyon,Horizon Pulse,Maverick Sabre,Let Me Go,Soul / Pop,Festival set,12h45,60 min,Blue,3,intermediate,5616,3702,3576,130,86,3792,126,""67,5%"",""US$ 84,36"",301671.36,37.65,93647.7,29710.59,8.3,1 ocorrencias,1,https://forzahorizonwiki.com/wiki/forza-horizon/soundtrack/"
MUS-0101,2012/10/21,3,Finley Dam,Finley Dam Deck,Palco Dam,Horizon Pulse,Miike Snow,Paddling Out,Indie Pop,Festival set,13:00,35,Orange,5,Advanced,2300,1775,1606,84,38,1728,169,75.1,114.56,183983.36,42.61,43109.96,13807.11,8.7,1,Sim,https://forzahorizonwiki.com/wiki/forza-horizon/soundtrack/
" mus-0102 ,22-10-2012,4,Red Rock,Red Rock Canyon,Palco Canyon,Horizon Pulse,Noah and the Whale,Life is Life (Yuksek Remix),Indie Electronic,Festival set,14:15,55,Gold,7,Elite/VIP,""1,296"",928,894,51,18,963,34,0.743,137.04,""US$ 122.513,76"",52.62,37171.05,11323.14,8.9,0,Sim,https://forzahorizonwiki.com/wiki/forza-horizon/soundtrack/"
MUS-0103,23/10/2012,5,Finley Dam,Finley Dam Deck,Palco Dam,Horizon Pulse,Passion Pit,Take A Walk,Indie Pop,Festival set,15:30,55,Green,2,Rookie,4600,4123,4008,246,74,4328,115,94.1,59.41,238115.28,27.07,83033.23,48709.94,8.3,1,Sim,https://forzahorizonwiki.com/wiki/forza-horizon/soundtrack/
"MUS-0104,2012-10-24,Dia 6,Red  Rock,Red Rock Canyon,Palco Canyon,Horizon Pulse,Phoenix,1901, INDIE ROCK ,Festival set,16h45,35,Pink,4,Intermediate,4536,3.091,2800,51,69,2920, 291 ,64.4,88.28,247184.0,38.64,66891.49,19884.13,""8,8/10"",1,Sim,https://forzahorizonwiki.com/wiki/forza-horizon/soundtrack/"
"MUS-0105,2012/10/25,7,Finley Dam,Finley Dam Deck,Palco Dam,Horizon Pulse,Sam and the Womp,Bom Bom,Dance Pop,Festival set,17:00:00,45 min,Purple,6,Elite,1500,""1,139"",997,44,25,1066,N/A,""71,1%"",""US$ 117,20"",116848.4,""44,95 USD"",32688.32,5420.59,8.1,0,sim,https://forzahorizonwiki.com/wiki/forza-horizon/soundtrack/"
MUS-0106,19-10-2012,1,Gladstone,Gladstone Outpost,Palco Norte,Horizon Pulse,Santigold,Disparate Youth,Alternative Pop,Festival set,18:15,75,Yellow,1,Rookie,6400,5184,4905,258,58,5221,279,81.6,46.55,228327.75,37.82,129915.72,39188.17,8.3,1,Sim,https://forzahorizonwiki.com/wiki/forza-horizon/soundtrack/
MUS-0107,20/10/2012,2,Redfoot Ranch,Redfoot Ranch Grounds,Palco Ranch,Horizon Pulse,Tesla Boy,Spirit of the Night,Synthpop,Festival set,19:30,45,Blue,3,Intermediate,5304,5304,5140,129,92,5304,164,100.0,83.7,430218.0,29.37,80380.96,38322.25,8.2,1,Sim,https://forzahorizonwiki.com/wiki/forza-horizon/soundtrack/
"MUS-0108,2012-10-21,,Gladstone,GLADSTONE OUTPOST,Palco Norte,Horizon Pulse,The Maccabees,Pelican,indie rock,Festival set,20h45, 60min ,Orange,5,Advanced,""2,944"",2499,""2,376"",102,43,2521,123,0.856,$102.01,""US$ 242.375,76"",50.71,""US$ 62.985,53"",6751.35,9.6,0,TRUE,https://forzahorizonwiki.com/wiki/forza-horizon/soundtrack/"
"MUS-0108,2012-10-21,,Gladstone,GLADSTONE OUTPOST,Palco Norte,Horizon Pulse,The Maccabees,Pelican,indie rock,Festival set,20h45, 60min ,Orange,5,Advanced,""2,944"",2499,""2,376"",102,43,2521,123,0.856,$102.01,""US$ 242.375,76"",50.71,""US$ 62.985,53"",6751.35,9.6,0,TRUE,https://forzahorizonwiki.com/wiki/forza-horizon/soundtrack/"
MUS-0109,2012/10/22,4,Redfoot Ranch,Redfoot Ranch Grounds,Palco Ranch,Horizon Pulse,The Naked & Famous,Punching in a Dream,Indie Electronic,Festival set,21:00,40,Gold,7,Elite/VIP,1224,1061,970,48,18,1036,91,84.6,134.67,130629.9,57.55,31692.68,11916.42,7.5,0,Sim,https://forzahorizonwiki.com/wiki/forza-horizon/soundtrack/
"MUS-0110,23-10-2012,5,Gladstone,Gladstone Outpost,Palco Norte,  Horizon Pulse ,Tom Vek,Aroused,Indie Electronic,Festival set, 22:15 ,75 min,Green,,Rookie,5.888 pessoas,4566,4242,86,72,4400,324,""74,7%"",""US$ 66,34"",""$281,414.28"",30.87,77840.63,25191.66,8.3,1 ocorrencias,Sim,https://forzahorizonwiki.com/wiki/forza-horizon/soundtrack/"
  MUS-0111,24/10/2012,6,Redfoot Ranch,Redfoot Ranch Grounds,Palco Ranch,Horizon Pulse,Two Door Cinema Club,Something Good Can Work (The Twelves Remix),Indie Dance,Festival set,12:30,60,Pink,4,Intermediate,4284,3596,3463,140,73,3676,133,85.8,91.92,318318.96,51.9,128518.65,14347.62,8.9,1,Sim,https://forzahorizonwiki.com/wiki/forza-horizon/soundtrack/
"MUS-0112,2012-10-25,Dia 7,Gladstone,Gladstone Outpost,Palco Norte,Horizon Pulse,Willy Moon,Yeah Yeah,Indie Pop,Festival set,13h45,90,Purple,6,Elite,1920,""1,333"", 1278 ,67,18,, 55 ,71.0 %,121.5,155277.0,""43,28 USD"",38570.47,""$12,227.16"",""9,2/10"",0,sim,https://forzahorizonwiki.com/wiki/forza-horizon/soundtrack/"
MUS-0113,2012/10/19,1,Main Stage,Festival Central,Palco Principal,Horizon Rocks,Arctic Monkeys,R U Mine?,Indie Rock,Live set,14:00,90,Yellow,1,Rookie,24000,24000,22585,1435,267,24000,1415,100.0,45.96,1038006.6,30.51,417996.37,122625.6,9.2,6,Sim,https://forzahorizonwiki.com/wiki/forza-horizon/soundtrack/
"MUS-0114,20-10-2012,2,Montano Plains,Montano Fields,Palco Sunset,Horizon Rocks,The Black Keys,Lonely Boy,Blues Rock,Live set,15:15,40,Blue,3,Intermediate,""8,580"",6464,5995,106,139,6240,469,0.727,82.03,,50.7,160426.72,50817.05,7.9,2,Sim,https://forzahorizonwiki.com/wiki/forza-horizon/soundtrack/"
"MUS-0115,21/10/2012,3,Main Stage,Festival Central,Palco Principal,Horizon Rocks,Four Year Strong,The Infected,Pop Punk,Live set,16:30,50 min,Orange,5,Advanced,11040,11040,9907,168,188,10263,1133,""93,0%"",""US$ 105,50"",1045188.5,38.74,208836.73,31690.09,9.6,3,Sim,https://forzahorizonwiki.com/wiki/forza-horizon/soundtrack/"
MUS-0116,2012-10-22,4,Montano Plains,Montano Fields,Palco Sunset,Horizon Rocks,Howler,Back of Your Neck,Indie Rock,Live set,17h45,50,Gold,7,N/A,1980,1520,1367,54,19,1440,153,72.7,138.91,189889.97,58.32,53514.29,11942.14,7.5,1,Sim,https://forzahorizonwiki.com/wiki/forza-horizon/soundtrack/
"MUS-0117,2012/10/23,5,Main Stage,Festival Central,Palco Principal,Horizon Rocks,LCD Soundsystem,Give It Up,dance punk,Live set,18:00,60,Green,2,Rookie,22080,17.367,""15,520"",759,188,16467,1847,74.6,$59.92,929958.4,21.53,242329.23,85618.46,""8,3"",2,Sim,https://forzahorizonwiki.com/wiki/forza-horizon/soundtrack/"
MUS-0118,24-10-2012,6,Montano Plains,Montano Fields,Palco Sunset,Horizon Rocks,Lostprophets,Bring Em Down,Alternative Rock,Live set,19:15,45,Pink,4,Intermediate,6930,6930,6121,193,95,6409,809,92.5,99.83,611059.43,31.82,138026.14,56336.93,9.2,2,Sim,https://forzahorizonwiki.com/wiki/forza-horizon/soundtrack/
" mus-0119 ,25/10/2012,7,Main Stage,Festival Central,Palco Principal,Horizon Rocks,Lostprophets,We Bring An Arsenal,Alternative Rock,Live set,20:30:00,45,Purple,6,Elite,7200,""4,726"",4330,204,81,4615,396,64.1 %,124.38,538565.4,""51,50 USD"",166758.73,41587.78,7.6,0,sim,https://forzahorizonwiki.com/wiki/forza-horizon/soundtrack/"
"MUS-0120,2012-10-19,Dia 1,clear springs,Clear Springs Park,Palco  Pulse,Horizon Rocks,Mona,Teenager,Alternative Rock,Live set,21h45,50 min,yellow,1,Rookie,""8,200"",6576,6161,204,80,6445,N/A,0.786,""US$ 49,78"",""US$ 306.694,58"",40.55,""US$ 140.499,35"",77338.57,""8,8/10"",2 ocorrencias,TRUE,https://forzahorizonwiki.com/wiki/forza-horizon/soundtrack/"
"MUS-0121,2012/10/20,2,Carson,Carson Street Hub,Palco Urbano,Horizon Rocks,Neon Trees,Animal,Alternative Rock,Live set, 22:00 ,35,Blue,3,Intermediate,7.410 pessoas,7105,6548,274,114,6936,557,93.6,82.27,""$538,703.96"",47.57,219548.86,56693.76,8.7,2,Sim,https://forzahorizonwiki.com/wiki/forza-horizon/soundtrack/"
"MUS-0122,21-10-2012,3,Clear Springs,Clear Springs Park,Palco Pulse,Horizon Rocks,Pulled Apart By Horses,""Wildfire, Smoke & Doom"",Alternative Rock,Live set,12:15,35,Orange,5,Advanced,3772,3462,3148,189,57,3394,314,90.0,106.75,336049.0,44.97,84137.67,22807.3,8.3,1,Sim,https://forzahorizonwiki.com/wiki/forza-horizon/soundtrack/"
MUS-0123,22/10/2012,4,Carson,Carson Street Hub,Palco Urbano,Horizon Rocks,Silversun Pickups,Lazy Eye,Alternative Rock,Live set,13:30,90,Gold,7,Elite/VIP,1710,1390,1277,38,27,1342,113,78.5,141.66,180899.82,33.61,30828.65,10627.28,7.5,0,Sim,https://forzahorizonwiki.com/wiki/forza-horizon/soundtrack/
MUS-0124,2012-10-23,5,Clear Springs,Clear Springs Park,Palco Pulse,Horizon Rocks,The Duke Spirit,Surrender,Alternative Rock,Live set,14h45,50,Green,2,Rookie,7544,7201,6640,238,72,6950,561,92.1,70.22,466260.8,22.89,88292.61,59708.85,9.1,1,Sim,https://forzahorizonwiki.com/wiki/forza-horizon/soundtrack/
"MUS-0125,2012/10/24,6,Carson,Carson Street Hub,Palco Urbano,Horizon Rocks,The Enemy,Away from Here,Indie Rock,Live set,15:00,45 min,Pink,4,Intermediate,5985,3974,3521,202,64,3787,453,""63,3%"",""US$ 90,82"",319777.22,50.26,99774.28,25206.23,8.9,0,Sim,https://forzahorizonwiki.com/wiki/forza-horizon/soundtrack/"
"MUS-0126,25-10-2012,,Clear Springs,CLEAR SPRINGS PARK,Palco Pulse,Horizon Rocks,The Enemy,Had Enough,indie rock,Live set,16:15:00,60,Purple,6,Elite,""2,460"",""2,002"",""1,878"",30,20,1928,124,0.784,$118.30,""US$ 222.167,40"",""56,63 USD"",64687.85,""$5,336.28"",9.6,0,sim,https://forzahorizonwiki.com/wiki/forza-horizon/soundtrack/"
MUS-0127,19/10/2012,1,Red Rock,Red Rock Canyon,Palco Canyon,Horizon Rocks,The Hives,Hate To Say I Told You So,Garage Rock,Live set,17:30,90,Yellow,1,Rookie,7200,6476,5775,126,78,5979,701,83.0,54.75,316181.25,21.1,87257.79,40428.29,8.8,1,Sim,https://forzahorizonwiki.com/wiki/forza-horizon/soundtrack/
"MUS-0128,2012-10-20,Dia 2,Finley  Dam,Finley Dam Deck,Palco Dam,Horizon Rocks,The Stone Roses,She Bangs The Drums,Alternative Rock,Live set,18h45,75,Blue,3,Intermediate,3900,2847,2526,107,59,, 321 ,69.0,74.56,188338.56,29.33,45032.39,7951.14,""7,5/10"",1,Sim,https://forzahorizonwiki.com/wiki/forza-horizon/soundtrack/"
MUS-0129,2012/10/21,3,Red Rock,Red Rock Canyon,Palco Canyon,Horizon Rocks,The Subways,Rock & Roll Queen,Indie Rock,Live set,19:00,35,Orange,5,Advanced,3312,2704,2604,156,46,2806,100,84.7,109.85,286049.4,41.83,81641.73,14779.44,9.1,0,Sim,https://forzahorizonwiki.com/wiki/forza-horizon/soundtrack/
"MUS-0130,22-10-2012,4,Finley Dam,Finley Dam Deck,palco dam,Horizon Rocks,TOY,Motoring, PSYCHEDELIC ROCK ,Live set,20:15,60 min,Gold,7,elite/vip,900,778,743,35,18,796,35,""88,4%"",""US$ 129,95"",96552.85,43.91,22096.82,9463.76,""7,9"",0 ocorrencias,Sim,https://forzahorizonwiki.com/wiki/forza-horizon/soundtrack/"
MUS-0131,23/10/2012,5,Red Rock,Red Rock Canyon,Palco Canyon,Horizon Rocks,Wavves,Bug,Noise Pop,Live set,21:30,35,Green,2,Rookie,6624,5445,4945,316,69,5330,500,80.5,64.0,316480.0,20.69,60910.54,46597.48,9.2,1,Sim,https://forzahorizonwiki.com/wiki/forza-horizon/soundtrack/
"MUS-0132,2012-10-24,6,Finley Dam,Finley Dam Deck,Palco Dam,Horizon Rocks,White Lies,Farewell to the Fairground,Post Punk,Live set,22h45, 45min ,Pink,,Intermediate,""3,150"",2977,2860,93,35,2988,117,0.949,98.63,""US$ 282.081,80"",43.43,""US$ 100.472,97"",21053.59,8.6,1,TRUE,https://forzahorizonwiki.com/wiki/forza-horizon/soundtrack/"
"MUS-0133,2012/10/25,7,Red Rock,Red Rock Canyon,Palco Canyon,Horizon Rocks,You Me At Six,Bite My Tongue (feat. Oli Sykes),Post Hardcore,Live set,12:00:00,50,Purple,6,Elite,2160,""2,004"",1755,29,21,1805,249,83.6 %,127.4,,""35,58 USD"",36800.61,11341.05,8.8,0,sim,https://forzahorizonwiki.com/wiki/forza-horizon/soundtrack/"
MUS-0134,19-10-2012,1,Redfoot Ranch,Redfoot Ranch Grounds,Palco Ranch,Horizon Rocks,Yuck,Get Away,Indie Rock,Live set,13:15,35,Yellow,1,Rookie,6800,4323,3921,114,113,4148,402,61.0,57.12,223967.52,27.09,58133.43,24872.16,9.3,0,Sim,https://forzahorizonwiki.com/wiki/forza-horizon/soundtrack/
"MUS-0135,20/10/2012,2,Gladstone,Gladstone Outpost,Palco Norte,Horizon Bass Arena,Avicii,Levels (Skrillex Mix),edm,DJ set,14:30,90 min,Blue,3,Intermediate,4992,4992,""4,664"",297,64,4992,N/A,""100,0%"",""US$ 78,14"",364444.96,45.12,126137.51,16397.77,7.9,1,Sim,https://forzahorizonwiki.com/wiki/forza-horizon/soundtrack/"
" mus-0136 ,2012-10-21,Dia 3,Redfoot Ranch,Redfoot Ranch Grounds,Palco Ranch,Horizon Bass Arena,Azari & III,Reckless (With Your Love),Electro / House,DJ set,15h45,60,Orange,5,Advanced,3128,3128,2990,88,28,3106, 138 ,99.3,110.25,329647.5,33.5,68755.49,20338.41,""8,3/10"",0,Sim,https://forzahorizonwiki.com/wiki/forza-horizon/soundtrack/"
MUS-0137,2012/10/22,4,Gladstone,Gladstone Outpost,Palco Norte,Horizon Bass Arena,Benny Benassi,Cinema (Skrillex Remix),Electro House,DJ set,16:00,55,Gold,7,Elite/VIP,1152,735,649,21,20,690,86,59.9,137.95,89529.55,52.14,17887.83,6124.61,7.9,0,Sim,https://forzahorizonwiki.com/wiki/forza-horizon/soundtrack/
"MUS-0138,23-10-2012,5,Redfoot Ranch,Redfoot Ranch Grounds,Palco Ranch,Horizon Bass Arena,Chase & Status,Blind Faith (feat. Liam Bailey),Drum & Bass,DJ set,17:15,90,Green,2,Rookie,""6,256"",5896,5649,93,103,5845,247,0.934,59.49,""US$ 336.059,01"",20.68,86250.63,34953.8,7.9,1,Sim,https://forzahorizonwiki.com/wiki/forza-horizon/soundtrack/"
MUS-0139,24/10/2012,6,Gladstone,Gladstone Outpost,Palco Norte,Horizon Bass Arena,Chromeo,Hot Mess (Duck Sauce Mix),Electro Funk,DJ set,18:30,40,Pink,4,Intermediate,4032,3548,3206,200,47,3453,342,85.6,95.03,304666.18,38.61,79913.57,29940.37,8.5,1,Sim,https://forzahorizonwiki.com/wiki/forza-horizon/soundtrack/
"MUS-0140,2012-10-25,7,Redfoot Ranch,Redfoot Ranch Grounds,Palco Ranch,Horizon Bass Arena,Digitalism,Encore,Electro,DJ set,19h45,55 min,Purple,6,Elite,2040,""1,910"", 1762 ,60,27,1849,148,""90,6%"",""US$ 125,85"",221747.7,""47,63 USD"",47941.61,""$15,370.43"",7.7,0 ocorrencias,1,https://forzahorizonwiki.com/wiki/forza-horizon/soundtrack/"
MUS-0141,2012/10/19,1,Montano Plains,Montano Fields,Palco Sunset,Horizon Bass Arena,DJ Fresh,The Power (feat. Dizzee Rascal),Drum & Bass,DJ set,20:00,90,Yellow,1,Rookie,11000,7766,7461,139,106,7706,305,70.1,58.96,439900.56,41.93,248883.4,91489.17,8.0,0,Sim,https://forzahorizonwiki.com/wiki/forza-horizon/soundtrack/
MUS-0142,20-10-2012,2,Main Stage,Festival Central,Palco Principal,Horizon Bass Arena,Feed Me,Silicone Lube,Electro House,DJ set,21:15,45,Blue,3,Intermediate,18720,16033,15143,454,179,15776,890,84.3,84.11,1273677.73,36.17,294672.08,69561.33,9.2,4,Sim,https://forzahorizonwiki.com/wiki/forza-horizon/soundtrack/
MUS-0142,20-10-2012,2,Main Stage,Festival Central,Palco Principal,Horizon Bass Arena,Feed Me,Silicone Lube,Electro House,DJ set,21:15,45,Blue,3,Intermediate,18720,16033,15143,454,179,15776,890,84.3,84.11,1273677.73,36.17,294672.08,69561.33,9.2,4,Sim,https://forzahorizonwiki.com/wiki/forza-horizon/soundtrack/
"MUS-0143,21/10/2012,3,Montano Plains,Montano Fields,Palco Sunset,Horizon  Bass Arena,Fenech-Soler,Lies (Alex Metric Remix), INDIETRONICA ,DJ set, 22:30 ,45,Orange,5,Advanced,5.060 pessoas,3.194,2928,97,81,3106,266,61.4,109.57,""$320,820.96"",26.67,47447.99,37260.05,""8,3"",0,Sim,https://forzahorizonwiki.com/wiki/forza-horizon/soundtrack/"
"MUS-0144,2012-10-22,,main stage,FESTIVAL CENTRAL,Palco Principal,Horizon Bass Arena,Madeon,Icarus,electro house,DJ set,12h45, 40min ,gold,7,Elite/VIP,""4,320"",4107,""3,649"",68,76,, 458 ,0.878,$135.30,""US$ 493.709,70"",48.68,""US$ 107.712,45"",41118.48,""8,7/10"",0,TRUE,https://forzahorizonwiki.com/wiki/forza-horizon/soundtrack/"
"MUS-0145,2012/10/23,5,Montano Plains,Montano Fields,Palco Sunset,Horizon Bass Arena,Modestep,Show Me A Sign,Dubstep,DJ set,13:00,35 min,Green,2,N/A,10120,7066,6172,226,173,6571,894,""64,9%"",""US$ 70,64"",435990.08,34.66,130099.8,26538.21,8.9,1,Sim,https://forzahorizonwiki.com/wiki/forza-horizon/soundtrack/"
MUS-0146,24-10-2012,6,Main Stage,Festival Central,Palco Principal,Horizon Bass Arena,Mord Fustang,Lick The Rainbow,Electro House,DJ set,14:15,50,Pink,4,Intermediate,15120,15120,13918,406,132,14456,1202,95.6,95.89,1334597.02,39.28,293881.9,77727.51,7.7,3,Sim,https://forzahorizonwiki.com/wiki/forza-horizon/soundtrack/
"MUS-0147,25/10/2012,7,Montano Plains,Montano Fields,Palco Sunset,Horizon Bass Arena,Mr Magnetik,Remanence (Junior Remix),Electronic,DJ set,15:30:00,60,Purple,6,Elite,3300,""2,285"",2001,45,48,2094,284,63.5 %,126.8,253726.8,""43,27 USD"",65923.29,5799.43,9.4,0,sim,https://forzahorizonwiki.com/wiki/forza-horizon/soundtrack/"
  MUS-0148,2012-10-19,1,Carson,Carson Street Hub,Palco Urbano,Horizon Bass Arena,Nero,Me & You,Dubstep,DJ set,16h45,35,Yellow,1,Rookie,9500,8246,7476,398,115,7989,770,84.1,51.97,388527.72,36.24,164130.09,92577.94,7.3,2,Sim,https://forzahorizonwiki.com/wiki/forza-horizon/soundtrack/
MUS-0149,2012/10/20,2,Clear Springs,Clear Springs Park,Palco Pulse,Horizon Bass Arena,Nero,Reaching Out (Fred Falke Remix),Electronic,DJ set,17:00,90,Blue,3,Intermediate,6396,5849,5520,102,55,5677,329,88.8,78.82,435086.4,34.8,114991.1,21940.77,8.9,0,Sim,https://forzahorizonwiki.com/wiki/forza-horizon/soundtrack/
"MUS-0150,21-10-2012,3,Carson,Carson Street Hub,Palco  Urbano,Horizon Bass Arena,New Order,Blue Monday,New Wave,DJ set,18:15,40 min,Orange,5,Advanced,""4,370"",4370,4102,143,68,4313,N/A,0.987,""US$ 105,47"",""US$ 432.637,94"",38.46,92931.73,20940.6,8.9,1 ocorrencias,Sim,https://forzahorizonwiki.com/wiki/forza-horizon/soundtrack/"
MUS-0151,22/10/2012,4,Clear Springs,Clear Springs Park,Palco Pulse,Horizon Bass Arena,Porter Robinson,Language,Progressive House,DJ set,19:30,45,Gold,7,Elite/VIP,1476,1158,1054,28,24,1106,104,74.9,140.39,147971.06,56.55,43552.01,4759.59,9.7,2,Sim,https://forzahorizonwiki.com/wiki/forza-horizon/soundtrack/
"MUS-0152,2012-10-23,Dia 5,Carson,Carson Street Hub,Palco Urbano,Horizon Bass Arena,Rusko,Everyday (Netsky VIP Remix),Drum & Bass,DJ set,20h45,75,Green,2,Rookie,8740,7173,6331,252,77,6660, 842 ,76.2,66.08,,48.57,176146.81,38977.67,""9,2/10"",1,Sim,https://forzahorizonwiki.com/wiki/forza-horizon/soundtrack/"
" mus-0153 ,2012/10/24,6,Clear Springs,Clear Springs Park,Palco Pulse,Horizon Bass Arena,Rusko,Somebody to Love (Sigma Remix),drum & bass,DJ set,21:00,40,Pink,4,Intermediate,5166,5162,""4,678"",180,69,4927,484,95.4,$93.03,435194.34,49.56,170500.76,48070.96,8.1,1,Sim,https://forzahorizonwiki.com/wiki/forza-horizon/soundtrack/"
"MUS-0154,25-10-2012,7,Carson,Carson Street Hub,Palco Urbano,HORIZON BASS ARENA,Scuba,The Hope,Techno,DJ set,22:15:00,90,Purple,,Elite,2.850 pessoas,""2,465"", 2352 ,100,24,2476,113,86.9 %,125.7,""$295,646.40"",""34,47 USD"",66291.9,""$22,194.34"",9.8,1,sim,https://forzahorizonwiki.com/wiki/forza-horizon/soundtrack/"
"MUS-0155,19/10/2012,1,Finley Dam,Finley Dam Deck,Palco Dam,Horizon Bass Arena,The Hacker,Bass 4,Electro,DJ set,12:30,45 min,Yellow,1,Rookie,5000,3946,3518,112,86,3716,428,""74,3%"",""US$ 47,79"",168125.22,32.58,76275.22,10889.3,8.9,1,Sim,https://forzahorizonwiki.com/wiki/forza-horizon/soundtrack/"
"MUS-0156,2012-10-20,2,Red Rock,Red Rock Canyon,Palco Canyon,Horizon Bass Arena,Wolfgang Gartner,Illmerica (Extended Version), ELECTRO HOUSE ,DJ set,13h45, 60min ,Blue,3,Intermediate,""5,616"",4.625,4287,194,73,4554,338,0.811,86.04,""US$ 368.853,48"",30.27,""US$ 82.418,39"",38056.66,""9,0"",0,TRUE,https://forzahorizonwiki.com/wiki/forza-horizon/soundtrack/"
MUS-0157,2012/10/21,3,Finley Dam,Finley Dam Deck,Palco Dam,Horizon Pulse,Cut Copy,Need You Now,Indietronica,Festival set,14:00,90,Orange,5,Advanced,2300,1927,1775,70,31,1876,152,81.6,112.42,199545.5,35.42,45326.91,22153.74,7.5,0,Sim,https://forzahorizonwiki.com/wiki/forza-horizon/soundtrack/
MUS-0158,22-10-2012,4,Red Rock,Red Rock Canyon,Palco Canyon,Horizon Pulse,Electric Guest,Awake,Indie Pop,Festival set,15:15,50,Gold,7,Elite/VIP,1296,1207,1089,17,18,1124,118,86.7,139.1,151479.9,45.69,27277.69,9526.73,7.6,0,Sim,https://forzahorizonwiki.com/wiki/forza-horizon/soundtrack/
MUS-0159,23/10/2012,5,Finley Dam,Finley Dam Deck,Palco Dam,Horizon Pulse,Empire of the Sun,Walking on a Dream,Synthpop,Festival set,16:30,40,Green,2,Rookie,4600,3144,2840,47,80,2967,304,64.5,61.67,175142.8,32.27,57986.49,19057.4,8.7,1,Sim,https://forzahorizonwiki.com/wiki/forza-horizon/soundtrack/
"MUS-0160,2012-10-24,Dia 6,Red Rock,Red Rock Canyon,palco canyon,Horizon Pulse,Fixers,Iron Deer Dream (Chad Valley Remix),Indie Electronic,Festival set,17h45,45 min,Pink,4,intermediate,4536,4004,3705,212,69,, 299 ,""87,9%"",""US$ 94,26"",349233.3,39.59,122999.61,28079.47,""7,3/10"",2 ocorrencias,1,https://forzahorizonwiki.com/wiki/forza-horizon/soundtrack/"
"MUS-0161,2012/10/25,7,Finley Dam,Finley Dam Deck,Palco Dam,Horizon Pulse,Foster The People,Don't Stop (Color on the Walls),Indie Pop,Festival set,18:00:00,55,Purple,6,Elite,1500,""1,226"",1126,47,22,1195,100,79.7 %,123.54,139106.04,""31,76 USD"",21024.39,9323.18,8.8,2,sim,https://forzahorizonwiki.com/wiki/forza-horizon/soundtrack/"
"MUS-0162,19-10-2012,,Gladstone,GLADSTONE OUTPOST,Palco Norte,Horizon Pulse,Friendly Fires,Hawaiian Air,indie dance,Festival set,19:15,60,Yellow,1,Rookie,""6,400"",4787,""4,522"",114,96,4732,265,0.739,$51.72,""US$ 233.877,84"",34.18,122978.12,44271.7,8.3,2,Sim,https://forzahorizonwiki.com/wiki/forza-horizon/soundtrack/"
MUS-0163,20/10/2012,2,Redfoot Ranch,Redfoot Ranch Grounds,Palco Ranch,Horizon Pulse,Friendly Fires,Hurting,Indie Dance,Festival set,20:30,45,Blue,3,Intermediate,5304,4527,3988,138,60,4186,539,78.9,77.07,307355.16,29.32,85206.81,24238.84,8.0,1,Sim,https://forzahorizonwiki.com/wiki/forza-horizon/soundtrack/
MUS-0164,2012-10-21,3,Gladstone,Gladstone Outpost,Palco Norte,Horizon Pulse,Hooray for Earth,No Love,Indie Rock,Festival set,21h45,55,Orange,5,Advanced,2944,2431,2318,97,51,2466,113,83.8,102.92,238568.56,43.09,69711.74,11845.06,8.1,0,Sim,https://forzahorizonwiki.com/wiki/forza-horizon/soundtrack/
"MUS-0165,2012/10/22,4,Redfoot Ranch,Redfoot Ranch Grounds,Palco Ranch,horizon pulse,Hot Chip,Over & Over,Indietronica,Festival set, 22:00 ,40 min,Gold,7,Elite/VIP,1.224 pessoas,1094,1060,37,18,1115,N/A,""91,1%"",""US$ 138,54"",""$146,852.40"",31.86,27330.51,13146.02,9.0,1,Sim,https://forzahorizonwiki.com/wiki/forza-horizon/soundtrack/"
"MUS-0165,2012/10/22,4,Redfoot Ranch,Redfoot Ranch Grounds,Palco Ranch,horizon pulse,Hot Chip,Over & Over,Indietronica,Festival set, 22:00 ,40 min,Gold,7,Elite/VIP,1.224 pessoas,1094,1060,37,18,1115,N/A,""91,1%"",""US$ 138,54"",""$146,852.40"",31.86,27330.51,13146.02,9.0,1,Sim,https://forzahorizonwiki.com/wiki/forza-horizon/soundtrack/"
"MUS-0166,23-10-2012,5,Gladstone,Gladstone Outpost,Palco Norte,Horizon Pulse,Ladyhawke,""Black, White and Blue"",Synthpop,Festival set,12:15,55,Green,2,Rookie,5888,5880,5439,258,91,5788,441,98.3,63.5,345376.5,38.62,168181.67,19389.09,7.8,0,Sim,https://forzahorizonwiki.com/wiki/forza-horizon/soundtrack/"
MUS-0167,24/10/2012,6,Redfoot Ranch,Redfoot Ranch Grounds,Palco Ranch,Horizon Pulse,Maverick Sabre,Let Me Go,Soul / Pop,Festival set,13:30,45,Pink,4,Intermediate,4284,3988,3496,212,41,3749,492,87.5,100.07,349844.72,23.33,63924.15,37436.11,8.9,1,Sim,https://forzahorizonwiki.com/wiki/forza-horizon/soundtrack/
"MUS-0168,2012-10-25,Dia 7,gladstone,Gladstone Outpost,Palco Norte,Horizon Pulse,Miike Snow,Paddling Out,Indie Pop,Festival set,14h45, 40min ,purple,6,Elite,""1,920"",""1,910"", 1804 ,30,21,1855, 106 ,0.966,128.0,""US$ 230.912,00"",""36,19 USD"",""US$ 41.374,05"",""$15,939.03"",""7,2/10"",0,TRUE,https://forzahorizonwiki.com/wiki/forza-horizon/soundtrack/"
"MUS-0169,2012/10/19,1,Main Stage,Festival Central,Palco Principal,Horizon Pulse,Noah and the Whale,Life is Life (Yuksek Remix), INDIE ELECTRONIC ,Festival set,15:00,60,Yellow,1,Rookie,24000,16.264,14996,429,386,15811,1268,65.9,47.27,708860.92,31.03,273360.79,67495.44,""8,4"",2,Sim,https://forzahorizonwiki.com/wiki/forza-horizon/soundtrack/"
" mus-0170 ,20-10-2012,2,Montano Plains,Montano Fields,Palco Sunset,Horizon Pulse,Passion Pit,Take A Walk,Indie Pop,Festival set,16:15,75 min,Blue,3,Intermediate,8580,7414,6639,157,142,6938,775,""80,9%"",""US$ 84,58"",561526.62,36.37,127686.92,61456.32,8.6,2 ocorrencias,Sim,https://forzahorizonwiki.com/wiki/forza-horizon/soundtrack/"
"MUS-0171,21/10/2012,3,Main Stage,Festival Central,Palco Principal,Horizon Pulse,Phoenix,1901,indie rock,Festival set,17:30,55,Orange,5,Advanced,11040,8381,""7,953"",222,114,8289,428,75.1,$114.36,,33.36,192697.77,21623.01,7.9,1,Sim,https://forzahorizonwiki.com/wiki/forza-horizon/soundtrack/"
MUS-0172,2012-10-22,4,Montano Plains,Montano Fields,Palco Sunset,Horizon Pulse,Sam and the Womp,Bom Bom,Dance Pop,Festival set,18h45,55,Gold,7,Elite/VIP,1980,1280,1232,37,23,1292,48,65.3,138.66,170829.12,47.4,46677.17,7741.23,8.8,2,Sim,https://forzahorizonwiki.com/wiki/forza-horizon/soundtrack/
MUS-0173,2012/10/23,5,Main Stage,Festival Central,Palco Principal,Horizon Pulse,Santigold,Disparate Youth,Alternative Pop,Festival set,19:00,90,Green,2,Rookie,22080,18229,16902,1089,259,18250,1327,82.7,69.6,1176379.2,43.46,577156.59,177712.41,8.1,3,Sim,https://forzahorizonwiki.com/wiki/forza-horizon/soundtrack/
"MUS-0174,24-10-2012,6,Montano Plains,Montano Fields,Palco Sunset,Horizon Pulse,Tesla Boy,Spirit of the Night,Synthpop,Festival set,20:15,40,Pink,4,N/A,""6,930"",6642,6109,252,80,6441,533,0.929,87.86,""US$ 536.736,74"",39.18,159401.19,51145.83,8.8,2,Sim,https://forzahorizonwiki.com/wiki/forza-horizon/soundtrack/"
"MUS-0175,25/10/2012,7,Main Stage,Festival Central,Palco Principal,Horizon Pulse,The Maccabees,Pelican,Indie Rock,Festival set,21:30:00,40 min,Purple,6,Elite,7200,""6,074"",5848,147,99,6094,226,""84,6%"",""US$ 127,58"",746087.84,""39,61 USD"",119892.87,22873.65,7.8,1,sim,https://forzahorizonwiki.com/wiki/forza-horizon/soundtrack/"
"MUS-0176,2012-10-19,Dia 1,Clear  Springs,Clear Springs Park,Palco Pulse,  Horizon Pulse ,The Naked & Famous,Punching in a Dream,Indie Electronic,Festival set,22h45,55,Yellow,,Rookie,8.200 pessoas,7054,6379,193,67,, 675 ,81.0,56.43,""$359,966.97"",39.92,173194.62,19453.95,""8,4/10"",1,Sim,https://forzahorizonwiki.com/wiki/forza-horizon/soundtrack/"
MUS-0177,2012/10/20,2,Carson,Carson Street Hub,Palco Urbano,Horizon Pulse,Tom Vek,Aroused,Indie Electronic,Festival set,12:00,35,Blue,3,Intermediate,7410,7410,6497,119,128,6744,913,91.0,77.02,500398.94,25.98,91218.89,57961.22,8.3,0,Sim,https://forzahorizonwiki.com/wiki/forza-horizon/soundtrack/
MUS-0178,21-10-2012,3,Clear Springs,Clear Springs Park,Palco Pulse,Horizon Pulse,Two Door Cinema Club,Something Good Can Work (The Twelves Remix),Indie Dance,Festival set,13:15,75,Orange,5,Advanced,3772,2946,2596,97,64,2757,350,73.1,106.26,275850.96,45.16,84482.1,21017.58,8.2,0,Sim,https://forzahorizonwiki.com/wiki/forza-horizon/soundtrack/
MUS-0179,22/10/2012,4,Carson,Carson Street Hub,Palco Urbano,Horizon Pulse,Willy Moon,Yeah Yeah,Indie Pop,Festival set,14:30,50,Gold,7,Elite/VIP,1710,1191,1094,45,26,1165,97,68.1,140.69,153914.86,51.04,45996.35,8036.8,8.4,0,Sim,https://forzahorizonwiki.com/wiki/forza-horizon/soundtrack/
"MUS-0180,2012-10-23,,Clear Springs,CLEAR SPRINGS PARK,Palco  Pulse,Horizon Rocks,Arctic Monkeys,R U Mine?,indie rock,Live set,15h45,50 min,Green,2,Rookie,""7,544"",5907,""5,616"",213,72,5901,N/A,0.782,""US$ 72,12"",""US$ 405.025,92"",41.08,""US$ 124.564,78"",60131.44,7.5,1 ocorrencias,TRUE,https://forzahorizonwiki.com/wiki/forza-horizon/soundtrack/"
TOTAL_GERAL,Resumo inserido propositalmente - filtrar esta linha na limpeza (186 linhas brutas acima),,,,,,,,,,,,,,,,,,,,,,,,,,,,,,,
