resultado_id,corrida_id,data_corrida,tipo_evento,nome_evento,circuito_rota,regiao,tipo_rota,piso,distancia_km,voltas,pulseira_minima,nivel_pulseira_minima,piloto,pulseira_piloto,nivel_pulseira_piloto,ano_carro,marca_carro,modelo_carro,classe_carro,tracao,potencia_hp,tempo_total_seg,tempo_formatado,gap_para_vencedor_seg,posicao,vencedor,dnf,pontos,creditos_usd,velocidade_media_kmh,clima,hora_largada,registro_sintetico,fonte_eventos,fonte_carros,fonte_pulseiras
RES-0001,RACE-001,2012-10-20,Festival Race,Horizon Heats,Festival Central Loop,Main Stage,Circuit,Asfalto,5.20,3,Sem pulseira,0,Cameron Price,Green,2,2010,Lexus,LFA,S,RWD,552,406.678,00:06:46.678,0.000,1,TRUE,FALSE,0,3000.00,138.10,Ensolarado,10:00:00,TRUE,https://forzahorizonwiki.com/wiki/racing-for-pinks/,https://www.onlineracedriver.com/2012/08/03/forza-horizon-official-car-list/,https://forzahorizonwiki.com/wiki/forza-horizon/wristbands/
RES-0002,RACE-001,2012-10-20,Festival Race,Horizon Heats,Festival Central Loop,Main Stage,Circuit,Asfalto,5.20,3,Sem pulseira,0,Peyton Hughes,Pink,4,2012,Nissan,GT-R Black Edition,A,AWD,530,406.910,00:06:46.910,0.232,2,FALSE,FALSE,0,2790.00,138.00,Chuva leve,10:00:00,TRUE,https://forzahorizonwiki.com/wiki/racing-for-pinks/,https://www.onlineracedriver.com/2012/08/03/forza-horizon-official-car-list/,https://forzahorizonwiki.com/wiki/forza-horizon/wristbands/
RES-0003,RACE-001,2012-10-20,Festival Race,Horizon Heats,Festival Central Loop,Main Stage,Circuit,Asfalto,5.20,3,Sem pulseira,0,Alex Mercer,Yellow,1,2013,Dodge,Viper GTS,S,RWD,640,408.722,00:06:48.722,2.045,3,FALSE,FALSE,0,2580.00,137.40,Vento forte,10:00:00,TRUE,https://forzahorizonwiki.com/wiki/racing-for-pinks/,https://www.onlineracedriver.com/2012/08/03/forza-horizon-official-car-list/,https://forzahorizonwiki.com/wiki/forza-horizon/wristbands/
RES-0004,RACE-001,2012-10-20,Festival Race,Horizon Heats,Festival Central Loop,Main Stage,Circuit,Asfalto,5.20,3,Sem pulseira,0,Morgan Reed,Green,2,2012,Lamborghini,Aventador LP700-4,S,AWD,700,411.199,00:06:51.199,4.521,4,FALSE,FALSE,0,2370.00,136.60,Nublado,10:00:00,TRUE,https://forzahorizonwiki.com/wiki/racing-for-pinks/,https://www.onlineracedriver.com/2012/08/03/forza-horizon-official-car-list/,https://forzahorizonwiki.com/wiki/forza-horizon/wristbands/
RES-0005,RACE-001,2012-10-20,Festival Race,Horizon Heats,Festival Central Loop,Main Stage,Circuit,Asfalto,5.20,3,Sem pulseira,0,Reese Morgan,Yellow,1,2011,Subaru,Impreza WRX STI,A,AWD,305,426.224,00:07:06.224,19.547,5,FALSE,FALSE,0,2160.00,131.80,Chuva leve,10:00:00,TRUE,https://forzahorizonwiki.com/wiki/racing-for-pinks/,https://www.onlineracedriver.com/2012/08/03/forza-horizon-official-car-list/,https://forzahorizonwiki.com/wiki/forza-horizon/wristbands/
RES-0006,RACE-001,2012-10-20,Festival Race,Horizon Heats,Festival Central Loop,Main Stage,Circuit,Asfalto,5.20,3,Sem pulseira,0,Harper Diaz,Blue,3,1983,Audi,Sport quattro,B,AWD,302,451.286,00:07:31.286,44.608,6,FALSE,FALSE,0,1949.00,124.40,Ensolarado,10:00:00,TRUE,https://forzahorizonwiki.com/wiki/racing-for-pinks/,https://www.onlineracedriver.com/2012/08/03/forza-horizon-official-car-list/,https://forzahorizonwiki.com/wiki/forza-horizon/wristbands/
RES-0007,RACE-001,2012-10-20,Festival Race,Horizon Heats,Festival Central Loop,Main Stage,Circuit,Asfalto,5.20,3,Sem pulseira,0,Jamie Cole,Pink,4,2008,BMW,M3,A,RWD,414,452.008,00:07:32.008,45.331,7,FALSE,FALSE,0,1739.00,124.20,Vento forte,10:00:00,TRUE,https://forzahorizonwiki.com/wiki/racing-for-pinks/,https://www.onlineracedriver.com/2012/08/03/forza-horizon-official-car-list/,https://forzahorizonwiki.com/wiki/forza-horizon/wristbands/
RES-0008,RACE-001,2012-10-20,Festival Race,Horizon Heats,Festival Central Loop,Main Stage,Circuit,Asfalto,5.20,3,Sem pulseira,0,Quinn Parker,Blue,3,2011,Ford,F-150 SVT Raptor,B,AWD,411,490.193,00:08:10.193,83.515,8,FALSE,FALSE,0,1530.00,114.60,Vento forte,10:00:00,TRUE,https://forzahorizonwiki.com/wiki/racing-for-pinks/,https://www.onlineracedriver.com/2012/08/03/forza-horizon-official-car-list/,https://forzahorizonwiki.com/wiki/forza-horizon/wristbands/
RES-0009,RACE-002,2012-10-21,Festival Race,Recaro Rush,Montano Dirt Cross,Montano Plains,Dirt Cross,Terra,7.60,3,Yellow,1,Riley Grant,Green,2,1997,Lamborghini,Diablo SV,S,RWD,510,721.976,00:12:01.976,0.000,1,TRUE,FALSE,100,4800.00,113.70,Nublado,11:15:00,TRUE,https://forzahorizonwiki.com/wiki/racing-for-pinks/,https://www.onlineracedriver.com/2012/08/03/forza-horizon-official-car-list/,https://forzahorizonwiki.com/wiki/forza-horizon/wristbands/
RES-0010,RACE-002,2012-10-21,Festival Race,Recaro Rush,Montano Dirt Cross,Montano Plains,Dirt Cross,Terra,7.60,3,Yellow,1,Jamie Cole,Yellow,1,2011,Audi,R8 GT,S,AWD,560,753.766,00:12:33.766,31.790,2,FALSE,FALSE,91,4464.00,108.90,Chuva leve,11:15:00,TRUE,https://forzahorizonwiki.com/wiki/racing-for-pinks/,https://www.onlineracedriver.com/2012/08/03/forza-horizon-official-car-list/,https://forzahorizonwiki.com/wiki/forza-horizon/wristbands/
RES-0011,RACE-002,2012-10-21,Festival Race,Recaro Rush,Montano Dirt Cross,Montano Plains,Dirt Cross,Terra,7.60,3,Yellow,1,Peyton Hughes,Pink,4,2004,Saleen,S7,S,RWD,575,765.383,00:12:45.383,43.407,3,FALSE,FALSE,82,4128.00,107.20,Ensolarado,11:15:00,TRUE,https://forzahorizonwiki.com/wiki/racing-for-pinks/,https://www.onlineracedriver.com/2012/08/03/forza-horizon-official-car-list/,https://forzahorizonwiki.com/wiki/forza-horizon/wristbands/
RES-0012,RACE-002,2012-10-21,Festival Race,Recaro Rush,Montano Dirt Cross,Montano Plains,Dirt Cross,Terra,7.60,3,Yellow,1,Logan Rivera,Yellow,1,2012,Dodge,Challenger SRT8 392,A,RWD,470,790.395,00:13:10.395,68.419,4,FALSE,FALSE,73,3792.00,103.80,Nublado,11:15:00,TRUE,https://forzahorizonwiki.com/wiki/racing-for-pinks/,https://www.onlineracedriver.com/2012/08/03/forza-horizon-official-car-list/,https://forzahorizonwiki.com/wiki/forza-horizon/wristbands/
RES-0013,RACE-002,2012-10-21,Festival Race,Recaro Rush,Montano Dirt Cross,Montano Plains,Dirt Cross,Terra,7.60,3,Yellow,1,Drew Foster,Green,2,2008,Mitsubishi,Lancer Evolution X GSR,A,AWD,291,801.850,00:13:21.850,79.874,5,FALSE,FALSE,64,3456.00,102.40,Chuva leve,11:15:00,TRUE,https://forzahorizonwiki.com/wiki/racing-for-pinks/,https://www.onlineracedriver.com/2012/08/03/forza-horizon-official-car-list/,https://forzahorizonwiki.com/wiki/forza-horizon/wristbands/
RES-0014,RACE-002,2012-10-21,Festival Race,Recaro Rush,Montano Dirt Cross,Montano Plains,Dirt Cross,Terra,7.60,3,Yellow,1,Jordan Hayes,Blue,3,2010,Ford,Focus RS500,A,FWD,345,846.057,00:14:06.057,124.081,6,FALSE,FALSE,55,3119.00,97.01,Seco,11:15:00,TRUE,https://forzahorizonwiki.com/wiki/racing-for-pinks/,https://www.onlineracedriver.com/2012/08/03/forza-horizon-official-car-list/,https://forzahorizonwiki.com/wiki/forza-horizon/wristbands/
RES-0015,RACE-002,2012-10-21,Festival Race,Recaro Rush,Montano Dirt Cross,Montano Plains,Dirt Cross,Terra,7.60,3,Yellow,1,Skyler Bennett,Yellow,1,1998,Toyota,Supra RZ,B,RWD,320,892.463,00:14:52.463,170.487,7,FALSE,FALSE,46,2784.00,92.00,Ensolarado,11:15:00,TRUE,https://forzahorizonwiki.com/wiki/racing-for-pinks/,https://www.onlineracedriver.com/2012/08/03/forza-horizon-official-car-list/,https://forzahorizonwiki.com/wiki/forza-horizon/wristbands/
RES-0016,RACE-002,2012-10-21,Festival Race,Recaro Rush,Montano Dirt Cross,Montano Plains,Dirt Cross,Terra,7.60,3,Yellow,1,Avery Scott,Blue,3,1970,Ford,Mustang Boss 429,B,RWD,375,905.792,00:15:05.792,183.816,8,FALSE,FALSE,37,2448.00,90.60,Chuva leve,11:15:00,TRUE,https://forzahorizonwiki.com/wiki/racing-for-pinks/,https://www.onlineracedriver.com/2012/08/03/forza-horizon-official-car-list/,https://forzahorizonwiki.com/wiki/forza-horizon/wristbands/
RES-0017,RACE-003,2012-10-22,Festival Race,G-Shock Super Sprint,Clear Springs Run,Clear Springs,Sprint,Asfalto,8.90,1,Yellow,1,Quinn Parker,Pink,4,2013,Dodge,Viper GTS,S,RWD,640,189.968,00:03:09.968,0.000,1,TRUE,FALSE,100,4800.00,168.70,Vento forte,12:30:00,TRUE,https://forzahorizonwiki.com/wiki/racing-for-pinks/,https://www.onlineracedriver.com/2012/08/03/forza-horizon-official-car-list/,https://forzahorizonwiki.com/wiki/forza-horizon/wristbands/
RES-0018,RACE-003,2012-10-22,Festival Race,G-Shock Super Sprint,Clear Springs Run,Clear Springs,Sprint,Asfalto,8.90,1,Yellow,1,Alex Mercer,Green,2,2005,Ford,GT,S,RWD,550,191.131,00:03:11.131,1.163,2,FALSE,FALSE,91,4464.00,167.60,Ensolarado,12:30:00,TRUE,https://forzahorizonwiki.com/wiki/racing-for-pinks/,https://www.onlineracedriver.com/2012/08/03/forza-horizon-official-car-list/,https://forzahorizonwiki.com/wiki/forza-horizon/wristbands/
RES-0019,RACE-003,2012-10-22,Festival Race,G-Shock Super Sprint,Clear Springs Run,Clear Springs,Sprint,Asfalto,8.90,1,Yellow,1,Riley Grant,Green,2,2008,BMW,M3,A,RWD,414,191.650,00:03:11.650,1.682,3,FALSE,FALSE,82,4128.00,167.20,Nublado,12:30:00,TRUE,https://forzahorizonwiki.com/wiki/racing-for-pinks/,https://www.onlineracedriver.com/2012/08/03/forza-horizon-official-car-list/,https://forzahorizonwiki.com/wiki/forza-horizon/wristbands/
RES-0020,RACE-003,2012-10-22,Festival Race,G-Shock Super Sprint,Clear Springs Run,Clear Springs,Sprint,Asfalto,8.90,1,Yellow,1,Logan Rivera,Green,2,2002,Nissan,Skyline GT-R V-Spec II,A,AWD,327,196.621,00:03:16.621,6.653,4,FALSE,FALSE,73,3792.00,163.00,Seco,12:30:00,TRUE,https://forzahorizonwiki.com/wiki/racing-for-pinks/,https://www.onlineracedriver.com/2012/08/03/forza-horizon-official-car-list/,https://forzahorizonwiki.com/wiki/forza-horizon/wristbands/
RES-0021,RACE-003,2012-10-22,Festival Race,G-Shock Super Sprint,Clear Springs Run,Clear Springs,Sprint,Asfalto,8.90,1,Yellow,1,Casey Turner,Blue,3,2010,Lexus,LFA,S,RWD,552,198.863,00:03:18.863,8.896,5,FALSE,FALSE,64,3456.00,161.10,Ensolarado,12:30:00,TRUE,https://forzahorizonwiki.com/wiki/racing-for-pinks/,https://www.onlineracedriver.com/2012/08/03/forza-horizon-official-car-list/,https://forzahorizonwiki.com/wiki/forza-horizon/wristbands/
RES-0022,RACE-003,2012-10-22,Festival Race,G-Shock Super Sprint,Clear Springs Run,Clear Springs,Sprint,Asfalto,8.90,1,Yellow,1,Cameron Price,Pink,4,2011,Subaru,Impreza WRX STI,A,AWD,305,204.110,00:03:24.110,14.143,6,FALSE,FALSE,55,3119.00,157.00,Ensolarado,12:30:00,TRUE,https://forzahorizonwiki.com/wiki/racing-for-pinks/,https://www.onlineracedriver.com/2012/08/03/forza-horizon-official-car-list/,https://forzahorizonwiki.com/wiki/forza-horizon/wristbands/
RES-0023,RACE-003,2012-10-22,Festival Race,G-Shock Super Sprint,Clear Springs Run,Clear Springs,Sprint,Asfalto,8.90,1,Yellow,1,Morgan Reed,Yellow,1,2011,Ford,F-150 SVT Raptor,B,AWD,411,227.774,00:03:47.774,37.806,7,FALSE,FALSE,46,2784.00,140.70,Nublado,12:30:00,TRUE,https://forzahorizonwiki.com/wiki/racing-for-pinks/,https://www.onlineracedriver.com/2012/08/03/forza-horizon-official-car-list/,https://forzahorizonwiki.com/wiki/forza-horizon/wristbands/
RES-0024,RACE-003,2012-10-22,Festival Race,G-Shock Super Sprint,Clear Springs Run,Clear Springs,Sprint,Asfalto,8.90,1,Yellow,1,Jordan Hayes,Blue,3,1983,Audi,Sport quattro,B,AWD,302,239.474,00:03:59.474,49.506,8,FALSE,FALSE,37,2448.00,133.80,Chuva leve,12:30:00,TRUE,https://forzahorizonwiki.com/wiki/racing-for-pinks/,https://www.onlineracedriver.com/2012/08/03/forza-horizon-official-car-list/,https://forzahorizonwiki.com/wiki/forza-horizon/wristbands/
RES-0025,RACE-004,2012-10-23,Festival Race,Oakley Blitz,Gladstone Dirt Sprint,Gladstone,Dirt Sprint,Terra,9.40,1,Yellow,1,Casey Turner,Yellow,1,1997,Lamborghini,Diablo SV,S,RWD,510,293.333,00:04:53.333,0.000,1,TRUE,FALSE,100,4800.00,115.40,Seco,13:45:00,TRUE,https://forzahorizonwiki.com/wiki/racing-for-pinks/,https://www.onlineracedriver.com/2012/08/03/forza-horizon-official-car-list/,https://forzahorizonwiki.com/wiki/forza-horizon/wristbands/
RES-0026,RACE-004,2012-10-23,Festival Race,Oakley Blitz,Gladstone Dirt Sprint,Gladstone,Dirt Sprint,Terra,9.40,1,Yellow,1,Morgan Reed,Pink,4,2004,Saleen,S7,S,RWD,575,305.334,00:05:05.334,12.001,2,FALSE,FALSE,91,4464.00,110.80,Seco,13:45:00,TRUE,https://forzahorizonwiki.com/wiki/racing-for-pinks/,https://www.onlineracedriver.com/2012/08/03/forza-horizon-official-car-list/,https://forzahorizonwiki.com/wiki/forza-horizon/wristbands/
RES-0027,RACE-004,2012-10-23,Festival Race,Oakley Blitz,Gladstone Dirt Sprint,Gladstone,Dirt Sprint,Terra,9.40,1,Yellow,1,Drew Foster,Yellow,1,2011,Audi,R8 GT,S,AWD,560,313.113,00:05:13.113,19.780,3,FALSE,FALSE,82,4128.00,108.10,Vento forte,13:45:00,TRUE,https://forzahorizonwiki.com/wiki/racing-for-pinks/,https://www.onlineracedriver.com/2012/08/03/forza-horizon-official-car-list/,https://forzahorizonwiki.com/wiki/forza-horizon/wristbands/
RES-0028,RACE-004,2012-10-23,Festival Race,Oakley Blitz,Gladstone Dirt Sprint,Gladstone,Dirt Sprint,Terra,9.40,1,Yellow,1,Riley Grant,Yellow,1,2010,Ferrari,458 Italia,S,RWD,562,327.266,00:05:27.266,33.932,4,FALSE,FALSE,73,3792.00,103.40,Ensolarado,13:45:00,TRUE,https://forzahorizonwiki.com/wiki/racing-for-pinks/,https://www.onlineracedriver.com/2012/08/03/forza-horizon-official-car-list/,https://forzahorizonwiki.com/wiki/forza-horizon/wristbands/
RES-0029,RACE-004,2012-10-23,Festival Race,Oakley Blitz,Gladstone Dirt Sprint,Gladstone,Dirt Sprint,Terra,9.40,1,Yellow,1,Logan Rivera,Yellow,1,2012,Dodge,Challenger SRT8 392,A,RWD,470,338.176,00:05:38.176,44.843,5,FALSE,FALSE,64,3456.00,100.10,Ensolarado,13:45:00,TRUE,https://forzahorizonwiki.com/wiki/racing-for-pinks/,https://www.onlineracedriver.com/2012/08/03/forza-horizon-official-car-list/,https://forzahorizonwiki.com/wiki/forza-horizon/wristbands/
RES-0030,RACE-004,2012-10-23,Festival Race,Oakley Blitz,Gladstone Dirt Sprint,Gladstone,Dirt Sprint,Terra,9.40,1,Yellow,1,Reese Morgan,Yellow,1,1985,Ford,RS200 Evolution,A,AWD,450,341.819,00:05:41.819,48.486,6,FALSE,FALSE,55,3119.00,99.00,Ensolarado,13:45:00,TRUE,https://forzahorizonwiki.com/wiki/racing-for-pinks/,https://www.onlineracedriver.com/2012/08/03/forza-horizon-official-car-list/,https://forzahorizonwiki.com/wiki/forza-horizon/wristbands/
RES-0031,RACE-004,2012-10-23,Festival Race,Oakley Blitz,Gladstone Dirt Sprint,Gladstone,Dirt Sprint,Terra,9.40,1,Yellow,1,Jordan Hayes,Blue,3,1998,Toyota,Supra RZ,B,RWD,320,378.059,00:06:18.059,84.725,7,FALSE,FALSE,46,2784.00,89.50,Vento forte,13:45:00,TRUE,https://forzahorizonwiki.com/wiki/racing-for-pinks/,https://www.onlineracedriver.com/2012/08/03/forza-horizon-official-car-list/,https://forzahorizonwiki.com/wiki/forza-horizon/wristbands/
RES-0032,RACE-004,2012-10-23,Festival Race,Oakley Blitz,Gladstone Dirt Sprint,Gladstone,Dirt Sprint,Terra,9.40,1,Yellow,1,Taylor Brooks,Green,2,1970,Ford,Mustang Boss 429,B,RWD,375,388.452,00:06:28.452,95.119,8,FALSE,FALSE,37,2448.00,87.10,Seco,13:45:00,TRUE,https://forzahorizonwiki.com/wiki/racing-for-pinks/,https://www.onlineracedriver.com/2012/08/03/forza-horizon-official-car-list/,https://forzahorizonwiki.com/wiki/forza-horizon/wristbands/
RES-0033,RACE-005,2012-10-24,Festival Race,Fatlace Hot Hatch Hustle,Carson Sprint Circuit,Carson,Circuit,Asfalto,6.10,3,Green,2,Reese Morgan,Blue,3,2013,Dodge,Viper GTS,S,RWD,640,617.075,00:10:17.075,0.000,1,TRUE,FALSE,110,6600.00,106.80,Vento forte,14:00:00,TRUE,https://forzahorizonwiki.com/wiki/racing-for-pinks/,https://www.onlineracedriver.com/2012/08/03/forza-horizon-official-car-list/,https://forzahorizonwiki.com/wiki/forza-horizon/wristbands/
RES-0034,RACE-005,2012-10-24,Festival Race,Fatlace Hot Hatch Hustle,Carson Sprint Circuit,Carson,Circuit,Asfalto,6.10,3,Green,2,Avery Scott,Pink,4,2012,Lamborghini,Aventador LP700-4,S,AWD,700,627.724,00:10:27.724,10.649,2,FALSE,FALSE,100,6138.00,105.00,Ensolarado,14:00:00,TRUE,https://forzahorizonwiki.com/wiki/racing-for-pinks/,https://www.onlineracedriver.com/2012/08/03/forza-horizon-official-car-list/,https://forzahorizonwiki.com/wiki/forza-horizon/wristbands/
RES-0035,RACE-005,2012-10-24,Festival Race,Fatlace Hot Hatch Hustle,Carson Sprint Circuit,Carson,Circuit,Asfalto,6.10,3,Green,2,Cameron Price,Orange,5,2005,Ford,GT,S,RWD,550,681.416,00:11:21.416,64.341,3,FALSE,FALSE,90,5676.00,96.70,Ensolarado,14:00:00,TRUE,https://forzahorizonwiki.com/wiki/racing-for-pinks/,https://www.onlineracedriver.com/2012/08/03/forza-horizon-official-car-list/,https://forzahorizonwiki.com/wiki/forza-horizon/wristbands/
RES-0036,RACE-005,2012-10-24,Festival Race,Fatlace Hot Hatch Hustle,Carson Sprint Circuit,Carson,Circuit,Asfalto,6.10,3,Green,2,Riley Grant,Blue,3,2008,BMW,M3,A,RWD,414,701.150,00:11:41.150,84.074,4,FALSE,FALSE,80,5214.00,94.00,Seco,14:00:00,TRUE,https://forzahorizonwiki.com/wiki/racing-for-pinks/,https://www.onlineracedriver.com/2012/08/03/forza-horizon-official-car-list/,https://forzahorizonwiki.com/wiki/forza-horizon/wristbands/
RES-0037,RACE-005,2012-10-24,Festival Race,Fatlace Hot Hatch Hustle,Carson Sprint Circuit,Carson,Circuit,Asfalto,6.10,3,Green,2,Peyton Hughes,Orange,5,2012,Nissan,GT-R Black Edition,A,AWD,530,751.362,00:12:31.362,134.286,5,FALSE,FALSE,70,4752.00,87.70,Seco,14:00:00,TRUE,https://forzahorizonwiki.com/wiki/racing-for-pinks/,https://www.onlineracedriver.com/2012/08/03/forza-horizon-official-car-list/,https://forzahorizonwiki.com/wiki/forza-horizon/wristbands/
RES-0038,RACE-005,2012-10-24,Festival Race,Fatlace Hot Hatch Hustle,Carson Sprint Circuit,Carson,Circuit,Asfalto,6.10,3,Green,2,Alex Mercer,Green,2,2002,Nissan,Skyline GT-R V-Spec II,A,AWD,327,762.712,00:12:42.712,145.636,6,FALSE,FALSE,60,4289.00,86.40,Vento forte,14:00:00,TRUE,https://forzahorizonwiki.com/wiki/racing-for-pinks/,https://www.onlineracedriver.com/2012/08/03/forza-horizon-official-car-list/,https://forzahorizonwiki.com/wiki/forza-horizon/wristbands/
RES-0039,RACE-005,2012-10-24,Festival Race,Fatlace Hot Hatch Hustle,Carson Sprint Circuit,Carson,Circuit,Asfalto,6.10,3,Green,2,Harper Diaz,Blue,3,1983,Audi,Sport quattro,B,AWD,302,783.588,00:13:03.588,166.512,7,FALSE,FALSE,50,3827.00,84.10,Vento forte,14:00:00,TRUE,https://forzahorizonwiki.com/wiki/racing-for-pinks/,https://www.onlineracedriver.com/2012/08/03/forza-horizon-official-car-list/,https://forzahorizonwiki.com/wiki/forza-horizon/wristbands/
RES-0040,RACE-005,2012-10-24,Festival Race,Fatlace Hot Hatch Hustle,Carson Sprint Circuit,Carson,Circuit,Asfalto,6.10,3,Green,2,Drew Foster,Pink,4,2010,Lexus,LFA,S,RWD,552,1064.479,00:17:44.479,447.403,8,FALSE,TRUE,40,3366.00,61.90,Vento forte,14:00:00,TRUE,https://forzahorizonwiki.com/wiki/racing-for-pinks/,https://www.onlineracedriver.com/2012/08/03/forza-horizon-official-car-list/,https://forzahorizonwiki.com/wiki/forza-horizon/wristbands/
RES-0041,RACE-006,2012-10-25,Festival Race,Brembo Midnight Blast,Main Stage Run,Main Stage,Sprint,Asfalto,10.50,1,Green,2,Jamie Cole,Blue,3,2004,Saleen,S7,S,RWD,575,252.371,00:04:12.371,0.000,1,TRUE,FALSE,110,6600.00,149.80,Seco,15:15:00,TRUE,https://forzahorizonwiki.com/wiki/racing-for-pinks/,https://www.onlineracedriver.com/2012/08/03/forza-horizon-official-car-list/,https://forzahorizonwiki.com/wiki/forza-horizon/wristbands/
RES-0042,RACE-006,2012-10-25,Festival Race,Brembo Midnight Blast,Main Stage Run,Main Stage,Sprint,Asfalto,10.50,1,Green,2,Taylor Brooks,Green,2,2011,Audi,R8 GT,S,AWD,560,262.662,00:04:22.662,10.291,2,FALSE,FALSE,100,6138.00,143.91,Chuva leve,15:15:00,TRUE,https://forzahorizonwiki.com/wiki/racing-for-pinks/,https://www.onlineracedriver.com/2012/08/03/forza-horizon-official-car-list/,https://forzahorizonwiki.com/wiki/forza-horizon/wristbands/
RES-0043,RACE-006,2012-10-25,Festival Race,Brembo Midnight Blast,Main Stage Run,Main Stage,Sprint,Asfalto,10.50,1,Green,2,Cameron Price,Green,2,2008,Mitsubishi,Lancer Evolution X GSR,A,AWD,291,269.603,00:04:29.603,17.232,3,FALSE,FALSE,90,5676.00,140.20,Vento forte,15:15:00,TRUE,https://forzahorizonwiki.com/wiki/racing-for-pinks/,https://www.onlineracedriver.com/2012/08/03/forza-horizon-official-car-list/,https://forzahorizonwiki.com/wiki/forza-horizon/wristbands/
RES-0044,RACE-006,2012-10-25,Festival Race,Brembo Midnight Blast,Main Stage Run,Main Stage,Sprint,Asfalto,10.50,1,Green,2,Skyler Bennett,Green,2,2010,Ferrari,458 Italia,S,RWD,562,277.277,00:04:37.277,24.906,4,FALSE,FALSE,80,5214.00,136.30,Nublado,15:15:00,TRUE,https://forzahorizonwiki.com/wiki/racing-for-pinks/,https://www.onlineracedriver.com/2012/08/03/forza-horizon-official-car-list/,https://forzahorizonwiki.com/wiki/forza-horizon/wristbands/
RES-0045,RACE-006,2012-10-25,Festival Race,Brembo Midnight Blast,Main Stage Run,Main Stage,Sprint,Asfalto,10.50,1,Green,2,Riley Grant,Green,2,2012,Dodge,Challenger SRT8 392,A,RWD,470,287.392,00:04:47.392,35.021,5,FALSE,FALSE,70,4752.00,131.50,Chuva leve,15:15:00,TRUE,https://forzahorizonwiki.com/wiki/racing-for-pinks/,https://www.onlineracedriver.com/2012/08/03/forza-horizon-official-car-list/,https://forzahorizonwiki.com/wiki/forza-horizon/wristbands/
RES-0046,RACE-006,2012-10-25,Festival Race,Brembo Midnight Blast,Main Stage Run,Main Stage,Sprint,Asfalto,10.50,1,Green,2,Alex Mercer,Green,2,1985,Ford,RS200 Evolution,A,AWD,450,299.685,00:04:59.685,47.314,6,FALSE,FALSE,60,4289.00,126.10,Chuva leve,15:15:00,TRUE,https://forzahorizonwiki.com/wiki/racing-for-pinks/,https://www.onlineracedriver.com/2012/08/03/forza-horizon-official-car-list/,https://forzahorizonwiki.com/wiki/forza-horizon/wristbands/
RES-0047,RACE-006,2012-10-25,Festival Race,Brembo Midnight Blast,Main Stage Run,Main Stage,Sprint,Asfalto,10.50,1,Green,2,Harper Diaz,Blue,3,2010,Ford,Focus RS500,A,FWD,345,299.921,00:04:59.921,47.550,7,FALSE,FALSE,50,3827.00,126.00,Chuva leve,15:15:00,TRUE,https://forzahorizonwiki.com/wiki/racing-for-pinks/,https://www.onlineracedriver.com/2012/08/03/forza-horizon-official-car-list/,https://forzahorizonwiki.com/wiki/forza-horizon/wristbands/
RES-0048,RACE-006,2012-10-25,Festival Race,Brembo Midnight Blast,Main Stage Run,Main Stage,Sprint,Asfalto,10.50,1,Green,2,Drew Foster,Blue,3,1998,Toyota,Supra RZ,B,RWD,320,330.306,00:05:30.306,77.935,8,FALSE,FALSE,40,3366.00,114.40,Vento forte,15:15:00,TRUE,https://forzahorizonwiki.com/wiki/racing-for-pinks/,https://www.onlineracedriver.com/2012/08/03/forza-horizon-official-car-list/,https://forzahorizonwiki.com/wiki/forza-horizon/wristbands/
RES-0049,RACE-007,2012-10-26,Festival Race,Illest Eastern Steel,Steelworks Sprint Circuit,Industrial District,Circuit,Asfalto,7.80,3,Green,2,Skyler Bennett,Pink,4,2012,Lamborghini,Aventador LP700-4,S,AWD,700,809.402,00:13:29.402,0.000,1,TRUE,FALSE,110,6600.00,104.10,Nublado,16:30:00,TRUE,https://forzahorizonwiki.com/wiki/racing-for-pinks/,https://www.onlineracedriver.com/2012/08/03/forza-horizon-official-car-list/,https://forzahorizonwiki.com/wiki/forza-horizon/wristbands/
RES-0050,RACE-007,2012-10-26,Festival Race,Illest Eastern Steel,Steelworks Sprint Circuit,Industrial District,Circuit,Asfalto,7.80,3,Green,2,Reese Morgan,Green,2,2013,Dodge,Viper GTS,S,RWD,640,810.683,00:13:30.683,1.281,2,FALSE,FALSE,100,6138.00,103.90,Seco,16:30:00,TRUE,https://forzahorizonwiki.com/wiki/racing-for-pinks/,https://www.onlineracedriver.com/2012/08/03/forza-horizon-official-car-list/,https://forzahorizonwiki.com/wiki/forza-horizon/wristbands/
RES-0051,RACE-007,2012-10-26,Festival Race,Illest Eastern Steel,Steelworks Sprint Circuit,Industrial District,Circuit,Asfalto,7.80,3,Green,2,Avery Scott,Green,2,2011,Subaru,Impreza WRX STI,A,AWD,305,819.282,00:13:39.282,9.880,3,FALSE,FALSE,90,5676.00,102.80,Nublado,16:30:00,TRUE,https://forzahorizonwiki.com/wiki/racing-for-pinks/,https://www.onlineracedriver.com/2012/08/03/forza-horizon-official-car-list/,https://forzahorizonwiki.com/wiki/forza-horizon/wristbands/
RES-0052,RACE-007,2012-10-26,Festival Race,Illest Eastern Steel,Steelworks Sprint Circuit,Industrial District,Circuit,Asfalto,7.80,3,Green,2,Casey Turner,Green,2,2002,Nissan,Skyline GT-R V-Spec II,A,AWD,327,819.861,00:13:39.861,10.459,4,FALSE,FALSE,80,5214.00,102.70,Vento forte,16:30:00,TRUE,https://forzahorizonwiki.com/wiki/racing-for-pinks/,https://www.onlineracedriver.com/2012/08/03/forza-horizon-official-car-list/,https://forzahorizonwiki.com/wiki/forza-horizon/wristbands/
RES-0053,RACE-007,2012-10-26,Festival Race,Illest Eastern Steel,Steelworks Sprint Circuit,Industrial District,Circuit,Asfalto,7.80,3,Green,2,Logan Rivera,Orange,5,2012,Nissan,GT-R Black Edition,A,AWD,530,833.471,00:13:53.471,24.069,5,FALSE,FALSE,70,4752.00,101.10,Ensolarado,16:30:00,TRUE,https://forzahorizonwiki.com/wiki/racing-for-pinks/,https://www.onlineracedriver.com/2012/08/03/forza-horizon-official-car-list/,https://forzahorizonwiki.com/wiki/forza-horizon/wristbands/
RES-0054,RACE-007,2012-10-26,Festival Race,Illest Eastern Steel,Steelworks Sprint Circuit,Industrial District,Circuit,Asfalto,7.80,3,Green,2,Jamie Cole,Orange,5,2008,BMW,M3,A,RWD,414,899.499,00:14:59.499,90.097,6,FALSE,FALSE,60,4289.00,93.70,Vento forte,16:30:00,TRUE,https://forzahorizonwiki.com/wiki/racing-for-pinks/,https://www.onlineracedriver.com/2012/08/03/forza-horizon-official-car-list/,https://forzahorizonwiki.com/wiki/forza-horizon/wristbands/
RES-0055,RACE-007,2012-10-26,Festival Race,Illest Eastern Steel,Steelworks Sprint Circuit,Industrial District,Circuit,Asfalto,7.80,3,Green,2,Jordan Hayes,Blue,3,2011,Ford,F-150 SVT Raptor,B,AWD,411,918.545,00:15:18.545,109.143,7,FALSE,FALSE,50,3827.00,91.70,Nublado,16:30:00,TRUE,https://forzahorizonwiki.com/wiki/racing-for-pinks/,https://www.onlineracedriver.com/2012/08/03/forza-horizon-official-car-list/,https://forzahorizonwiki.com/wiki/forza-horizon/wristbands/
RES-0056,RACE-007,2012-10-26,Festival Race,Illest Eastern Steel,Steelworks Sprint Circuit,Industrial District,Circuit,Asfalto,7.80,3,Green,2,Alex Mercer,Green,2,1983,Audi,Sport quattro,B,AWD,302,951.759,00:15:51.759,142.357,8,FALSE,FALSE,40,3366.00,88.51,Seco,16:30:00,TRUE,https://forzahorizonwiki.com/wiki/racing-for-pinks/,https://www.onlineracedriver.com/2012/08/03/forza-horizon-official-car-list/,https://forzahorizonwiki.com/wiki/forza-horizon/wristbands/
RES-0057,RACE-008,2012-10-20,Festival Race,Ford Challenge,Festival South Circuit,Festival South,Circuit,Asfalto,6.80,3,Green,2,Jamie Cole,Blue,3,1997,Lamborghini,Diablo SV,S,RWD,510,608.429,00:10:08.429,0.000,1,TRUE,FALSE,110,6600.00,120.70,Ensolarado,17:45:00,TRUE,https://forzahorizonwiki.com/wiki/racing-for-pinks/,https://www.onlineracedriver.com/2012/08/03/forza-horizon-official-car-list/,https://forzahorizonwiki.com/wiki/forza-horizon/wristbands/
RES-0058,RACE-008,2012-10-20,Festival Race,Ford Challenge,Festival South Circuit,Festival South,Circuit,Asfalto,6.80,3,Green,2,Alex Mercer,Green,2,2010,Ferrari,458 Italia,S,RWD,562,648.500,00:10:48.500,40.071,2,FALSE,FALSE,100,6138.00,113.20,Nublado,17:45:00,TRUE,https://forzahorizonwiki.com/wiki/racing-for-pinks/,https://www.onlineracedriver.com/2012/08/03/forza-horizon-official-car-list/,https://forzahorizonwiki.com/wiki/forza-horizon/wristbands/
RES-0059,RACE-008,2012-10-20,Festival Race,Ford Challenge,Festival South Circuit,Festival South,Circuit,Asfalto,6.80,3,Green,2,Cameron Price,Blue,3,2010,Ford,Focus RS500,A,FWD,345,656.743,00:10:56.743,48.314,3,FALSE,FALSE,90,5676.00,111.80,Nublado,17:45:00,TRUE,https://forzahorizonwiki.com/wiki/racing-for-pinks/,https://www.onlineracedriver.com/2012/08/03/forza-horizon-official-car-list/,https://forzahorizonwiki.com/wiki/forza-horizon/wristbands/
RES-0060,RACE-008,2012-10-20,Festival Race,Ford Challenge,Festival South Circuit,Festival South,Circuit,Asfalto,6.80,3,Green,2,Drew Foster,Blue,3,2004,Saleen,S7,S,RWD,575,662.047,00:11:02.047,53.618,4,FALSE,FALSE,80,5214.00,110.90,Ensolarado,17:45:00,TRUE,https://forzahorizonwiki.com/wiki/racing-for-pinks/,https://www.onlineracedriver.com/2012/08/03/forza-horizon-official-car-list/,https://forzahorizonwiki.com/wiki/forza-horizon/wristbands/
RES-0061,RACE-008,2012-10-20,Festival Race,Ford Challenge,Festival South Circuit,Festival South,Circuit,Asfalto,6.80,3,Green,2,Peyton Hughes,Green,2,2012,Dodge,Challenger SRT8 392,A,RWD,470,680.319,00:11:20.319,71.890,5,FALSE,FALSE,70,4752.00,107.90,Ensolarado,17:45:00,TRUE,https://forzahorizonwiki.com/wiki/racing-for-pinks/,https://www.onlineracedriver.com/2012/08/03/forza-horizon-official-car-list/,https://forzahorizonwiki.com/wiki/forza-horizon/wristbands/
RES-0062,RACE-008,2012-10-20,Festival Race,Ford Challenge,Festival South Circuit,Festival South,Circuit,Asfalto,6.80,3,Green,2,Jordan Hayes,Blue,3,2008,Mitsubishi,Lancer Evolution X GSR,A,AWD,291,684.183,00:11:24.183,75.754,6,FALSE,FALSE,60,4289.00,107.30,Nublado,17:45:00,TRUE,https://forzahorizonwiki.com/wiki/racing-for-pinks/,https://www.onlineracedriver.com/2012/08/03/forza-horizon-official-car-list/,https://forzahorizonwiki.com/wiki/forza-horizon/wristbands/
RES-0063,RACE-008,2012-10-20,Festival Race,Ford Challenge,Festival South Circuit,Festival South,Circuit,Asfalto,6.80,3,Green,2,Taylor Brooks,Blue,3,1970,Ford,Mustang Boss 429,B,RWD,375,822.935,00:13:42.935,214.506,7,FALSE,FALSE,50,3827.00,89.20,Nublado,17:45:00,TRUE,https://forzahorizonwiki.com/wiki/racing-for-pinks/,https://www.onlineracedriver.com/2012/08/03/forza-horizon-official-car-list/,https://forzahorizonwiki.com/wiki/forza-horizon/wristbands/
RES-0064,RACE-008,2012-10-20,Festival Race,Ford Challenge,Festival South Circuit,Festival South,Circuit,Asfalto,6.80,3,Green,2,Casey Turner,Blue,3,2011,Audi,R8 GT,S,AWD,560,860.907,00:14:20.907,252.478,8,FALSE,TRUE,40,3366.00,85.30,Seco,17:45:00,TRUE,https://forzahorizonwiki.com/wiki/racing-for-pinks/,https://www.onlineracedriver.com/2012/08/03/forza-horizon-official-car-list/,https://forzahorizonwiki.com/wiki/forza-horizon/wristbands/
RES-0065,RACE-009,2012-10-21,Festival Race,Old Spice US Muscle Mash,Clifton Valley Mini Circuit,Clifton Valley,Circuit,Asfalto,5.40,4,Green,2,Cameron Price,Blue,3,2010,Lexus,LFA,S,RWD,552,569.609,00:09:29.609,0.000,1,TRUE,FALSE,110,6600.00,136.50,Nublado,18:00:00,TRUE,https://forzahorizonwiki.com/wiki/racing-for-pinks/,https://www.onlineracedriver.com/2012/08/03/forza-horizon-official-car-list/,https://forzahorizonwiki.com/wiki/forza-horizon/wristbands/
RES-0066,RACE-009,2012-10-21,Festival Race,Old Spice US Muscle Mash,Clifton Valley Mini Circuit,Clifton Valley,Circuit,Asfalto,5.40,4,Green,2,Logan Rivera,Orange,5,2002,Nissan,Skyline GT-R V-Spec II,A,AWD,327,600.789,00:10:00.789,31.180,2,FALSE,FALSE,100,6138.00,129.40,Vento forte,18:00:00,TRUE,https://forzahorizonwiki.com/wiki/racing-for-pinks/,https://www.onlineracedriver.com/2012/08/03/forza-horizon-official-car-list/,https://forzahorizonwiki.com/wiki/forza-horizon/wristbands/
RES-0067,RACE-009,2012-10-21,Festival Race,Old Spice US Muscle Mash,Clifton Valley Mini Circuit,Clifton Valley,Circuit,Asfalto,5.40,4,Green,2,Quinn Parker,Pink,4,2005,Ford,GT,S,RWD,550,608.759,00:10:08.759,39.150,3,FALSE,FALSE,90,5676.00,127.70,Ensolarado,18:00:00,TRUE,https://forzahorizonwiki.com/wiki/racing-for-pinks/,https://www.onlineracedriver.com/2012/08/03/forza-horizon-official-car-list/,https://forzahorizonwiki.com/wiki/forza-horizon/wristbands/
RES-0068,RACE-009,2012-10-21,Festival Race,Old Spice US Muscle Mash,Clifton Valley Mini Circuit,Clifton Valley,Circuit,Asfalto,5.40,4,Green,2,Casey Turner,Blue,3,2008,BMW,M3,A,RWD,414,671.743,00:11:11.743,102.134,4,FALSE,FALSE,80,5214.00,115.80,Vento forte,18:00:00,TRUE,https://forzahorizonwiki.com/wiki/racing-for-pinks/,https://www.onlineracedriver.com/2012/08/03/forza-horizon-official-car-list/,https://forzahorizonwiki.com/wiki/forza-horizon/wristbands/
RES-0069,RACE-009,2012-10-21,Festival Race,Old Spice US Muscle Mash,Clifton Valley Mini Circuit,Clifton Valley,Circuit,Asfalto,5.40,4,Green,2,Morgan Reed,Blue,3,2011,Subaru,Impreza WRX STI,A,AWD,305,673.943,00:11:13.943,104.334,5,FALSE,FALSE,70,4752.00,115.40,Vento forte,18:00:00,TRUE,https://forzahorizonwiki.com/wiki/racing-for-pinks/,https://www.onlineracedriver.com/2012/08/03/forza-horizon-official-car-list/,https://forzahorizonwiki.com/wiki/forza-horizon/wristbands/
RES-0070,RACE-009,2012-10-21,Festival Race,Old Spice US Muscle Mash,Clifton Valley Mini Circuit,Clifton Valley,Circuit,Asfalto,5.40,4,Green,2,Harper Diaz,Blue,3,2011,Ford,F-150 SVT Raptor,B,AWD,411,686.074,00:11:26.074,116.466,6,FALSE,FALSE,60,4289.00,113.34,Seco,18:00:00,TRUE,https://forzahorizonwiki.com/wiki/racing-for-pinks/,https://www.onlineracedriver.com/2012/08/03/forza-horizon-official-car-list/,https://forzahorizonwiki.com/wiki/forza-horizon/wristbands/
RES-0071,RACE-009,2012-10-21,Festival Race,Old Spice US Muscle Mash,Clifton Valley Mini Circuit,Clifton Valley,Circuit,Asfalto,5.40,4,Green,2,Drew Foster,Pink,4,1983,Audi,Sport quattro,B,AWD,302,711.815,00:11:51.815,142.206,7,FALSE,FALSE,50,3827.00,109.20,Ensolarado,18:00:00,TRUE,https://forzahorizonwiki.com/wiki/racing-for-pinks/,https://www.onlineracedriver.com/2012/08/03/forza-horizon-official-car-list/,https://forzahorizonwiki.com/wiki/forza-horizon/wristbands/
RES-0072,RACE-009,2012-10-21,Festival Race,Old Spice US Muscle Mash,Clifton Valley Mini Circuit,Clifton Valley,Circuit,Asfalto,5.40,4,Green,2,Skyler Bennett,Pink,4,2012,Nissan,GT-R Black Edition,A,AWD,530,805.329,00:13:25.329,235.721,8,FALSE,TRUE,40,3366.00,96.60,Chuva leve,18:00:00,TRUE,https://forzahorizonwiki.com/wiki/racing-for-pinks/,https://www.onlineracedriver.com/2012/08/03/forza-horizon-official-car-list/,https://forzahorizonwiki.com/wiki/forza-horizon/wristbands/
RES-0073,RACE-010,2012-10-22,Festival Race,Bondurant Valley Skirmish,Gladstone Dirt Cross,Gladstone,Dirt Cross,Terra,7.20,3,Green,2,Alex Mercer,Orange,5,2004,Saleen,S7,S,RWD,575,570.197,00:09:30.197,0.000,1,TRUE,FALSE,110,6600.00,136.40,Vento forte,19:15:00,TRUE,https://forzahorizonwiki.com/wiki/racing-for-pinks/,https://www.onlineracedriver.com/2012/08/03/forza-horizon-official-car-list/,https://forzahorizonwiki.com/wiki/forza-horizon/wristbands/
RES-0074,RACE-010,2012-10-22,Festival Race,Bondurant Valley Skirmish,Gladstone Dirt Cross,Gladstone,Dirt Cross,Terra,7.20,3,Green,2,Peyton Hughes,Pink,4,2010,Ferrari,458 Italia,S,RWD,562,608.922,00:10:08.922,38.725,2,FALSE,FALSE,100,6138.00,127.70,Seco,19:15:00,TRUE,https://forzahorizonwiki.com/wiki/racing-for-pinks/,https://www.onlineracedriver.com/2012/08/03/forza-horizon-official-car-list/,https://forzahorizonwiki.com/wiki/forza-horizon/wristbands/
RES-0075,RACE-010,2012-10-22,Festival Race,Bondurant Valley Skirmish,Gladstone Dirt Cross,Gladstone,Dirt Cross,Terra,7.20,3,Green,2,Reese Morgan,Blue,3,1997,Lamborghini,Diablo SV,S,RWD,510,623.039,00:10:23.039,52.842,3,FALSE,FALSE,90,5676.00,124.80,Chuva leve,19:15:00,TRUE,https://forzahorizonwiki.com/wiki/racing-for-pinks/,https://www.onlineracedriver.com/2012/08/03/forza-horizon-official-car-list/,https://forzahorizonwiki.com/wiki/forza-horizon/wristbands/
RES-0076,RACE-010,2012-10-22,Festival Race,Bondurant Valley Skirmish,Gladstone Dirt Cross,Gladstone,Dirt Cross,Terra,7.20,3,Green,2,Morgan Reed,Pink,4,1985,Ford,RS200 Evolution,A,AWD,450,663.260,00:11:03.260,93.063,4,FALSE,FALSE,80,5214.00,117.20,Seco,19:15:00,TRUE,https://forzahorizonwiki.com/wiki/racing-for-pinks/,https://www.onlineracedriver.com/2012/08/03/forza-horizon-official-car-list/,https://forzahorizonwiki.com/wiki/forza-horizon/wristbands/
RES-0077,RACE-010,2012-10-22,Festival Race,Bondurant Valley Skirmish,Gladstone Dirt Cross,Gladstone,Dirt Cross,Terra,7.20,3,Green,2,Jordan Hayes,Green,2,2008,Mitsubishi,Lancer Evolution X GSR,A,AWD,291,688.874,00:11:28.874,118.677,5,FALSE,FALSE,70,4752.00,112.90,Ensolarado,19:15:00,TRUE,https://forzahorizonwiki.com/wiki/racing-for-pinks/,https://www.onlineracedriver.com/2012/08/03/forza-horizon-official-car-list/,https://forzahorizonwiki.com/wiki/forza-horizon/wristbands/
RES-0078,RACE-010,2012-10-22,Festival Race,Bondurant Valley Skirmish,Gladstone Dirt Cross,Gladstone,Dirt Cross,Terra,7.20,3,Green,2,Avery Scott,Orange,5,1970,Ford,Mustang Boss 429,B,RWD,375,689.401,00:11:29.401,119.204,6,FALSE,FALSE,60,4289.00,112.80,Nublado,19:15:00,TRUE,https://forzahorizonwiki.com/wiki/racing-for-pinks/,https://www.onlineracedriver.com/2012/08/03/forza-horizon-official-car-list/,https://forzahorizonwiki.com/wiki/forza-horizon/wristbands/
RES-0079,RACE-010,2012-10-22,Festival Race,Bondurant Valley Skirmish,Gladstone Dirt Cross,Gladstone,Dirt Cross,Terra,7.20,3,Green,2,Drew Foster,Green,2,2012,Dodge,Challenger SRT8 392,A,RWD,470,690.686,00:11:30.686,120.489,7,FALSE,FALSE,50,3827.00,112.60,Chuva leve,19:15:00,TRUE,https://forzahorizonwiki.com/wiki/racing-for-pinks/,https://www.onlineracedriver.com/2012/08/03/forza-horizon-official-car-list/,https://forzahorizonwiki.com/wiki/forza-horizon/wristbands/
RES-0080,RACE-010,2012-10-22,Festival Race,Bondurant Valley Skirmish,Gladstone Dirt Cross,Gladstone,Dirt Cross,Terra,7.20,3,Green,2,Cameron Price,Green,2,1998,Toyota,Supra RZ,B,RWD,320,698.297,00:11:38.297,128.100,8,FALSE,FALSE,40,3366.00,111.40,Chuva leve,19:15:00,TRUE,https://forzahorizonwiki.com/wiki/racing-for-pinks/,https://www.onlineracedriver.com/2012/08/03/forza-horizon-official-car-list/,https://forzahorizonwiki.com/wiki/forza-horizon/wristbands/
RES-0081,RACE-011,2012-10-23,Festival Race,HORIZON presents The Gauntlet,Gladstone Canyon Run,Gladstone Canyon,Sprint,Misto,14.80,1,Green,2,Jamie Cole,Green,2,2013,Dodge,Viper GTS,S,RWD,640,463.701,00:07:43.701,0.000,1,TRUE,FALSE,110,6600.00,114.90,Nublado,10:30:00,TRUE,https://forzahorizonwiki.com/wiki/racing-for-pinks/,https://www.onlineracedriver.com/2012/08/03/forza-horizon-official-car-list/,https://forzahorizonwiki.com/wiki/forza-horizon/wristbands/
RES-0082,RACE-011,2012-10-23,Festival Race,HORIZON presents The Gauntlet,Gladstone Canyon Run,Gladstone Canyon,Sprint,Misto,14.80,1,Green,2,Alex Mercer,Blue,3,2012,Lamborghini,Aventador LP700-4,S,AWD,700,496.887,00:08:16.887,33.187,2,FALSE,FALSE,100,6138.00,107.20,Nublado,10:30:00,TRUE,https://forzahorizonwiki.com/wiki/racing-for-pinks/,https://www.onlineracedriver.com/2012/08/03/forza-horizon-official-car-list/,https://forzahorizonwiki.com/wiki/forza-horizon/wristbands/
RES-0083,RACE-011,2012-10-23,Festival Race,HORIZON presents The Gauntlet,Gladstone Canyon Run,Gladstone Canyon,Sprint,Misto,14.80,1,Green,2,Jordan Hayes,Blue,3,2010,Lexus,LFA,S,RWD,552,499.414,00:08:19.414,35.714,3,FALSE,FALSE,90,5676.00,106.70,Ensolarado,10:30:00,TRUE,https://forzahorizonwiki.com/wiki/racing-for-pinks/,https://www.onlineracedriver.com/2012/08/03/forza-horizon-official-car-list/,https://forzahorizonwiki.com/wiki/forza-horizon/wristbands/
RES-0084,RACE-011,2012-10-23,Festival Race,HORIZON presents The Gauntlet,Gladstone Canyon Run,Gladstone Canyon,Sprint,Misto,14.80,1,Green,2,Drew Foster,Pink,4,2012,Nissan,GT-R Black Edition,A,AWD,530,508.128,00:08:28.128,44.428,4,FALSE,FALSE,80,5214.00,104.86,Vento forte,10:30:00,TRUE,https://forzahorizonwiki.com/wiki/racing-for-pinks/,https://www.onlineracedriver.com/2012/08/03/forza-horizon-official-car-list/,https://forzahorizonwiki.com/wiki/forza-horizon/wristbands/
RES-0085,RACE-011,2012-10-23,Festival Race,HORIZON presents The Gauntlet,Gladstone Canyon Run,Gladstone Canyon,Sprint,Misto,14.80,1,Green,2,Peyton Hughes,Blue,3,2005,Ford,GT,S,RWD,550,527.103,00:08:47.103,63.402,5,FALSE,FALSE,70,4752.00,101.10,Vento forte,10:30:00,TRUE,https://forzahorizonwiki.com/wiki/racing-for-pinks/,https://www.onlineracedriver.com/2012/08/03/forza-horizon-official-car-list/,https://forzahorizonwiki.com/wiki/forza-horizon/wristbands/
RES-0086,RACE-011,2012-10-23,Festival Race,HORIZON presents The Gauntlet,Gladstone Canyon Run,Gladstone Canyon,Sprint,Misto,14.80,1,Green,2,Riley Grant,Green,2,2002,Nissan,Skyline GT-R V-Spec II,A,AWD,327,543.255,00:09:03.255,79.554,6,FALSE,FALSE,60,4289.00,98.10,Vento forte,10:30:00,TRUE,https://forzahorizonwiki.com/wiki/racing-for-pinks/,https://www.onlineracedriver.com/2012/08/03/forza-horizon-official-car-list/,https://forzahorizonwiki.com/wiki/forza-horizon/wristbands/
RES-0087,RACE-011,2012-10-23,Festival Race,HORIZON presents The Gauntlet,Gladstone Canyon Run,Gladstone Canyon,Sprint,Misto,14.80,1,Green,2,Reese Morgan,Orange,5,2011,Ford,F-150 SVT Raptor,B,AWD,411,594.680,00:09:54.680,130.979,7,FALSE,FALSE,50,3827.00,89.60,Vento forte,10:30:00,TRUE,https://forzahorizonwiki.com/wiki/racing-for-pinks/,https://www.onlineracedriver.com/2012/08/03/forza-horizon-official-car-list/,https://forzahorizonwiki.com/wiki/forza-horizon/wristbands/
RES-0088,RACE-011,2012-10-23,Festival Race,HORIZON presents The Gauntlet,Gladstone Canyon Run,Gladstone Canyon,Sprint,Misto,14.80,1,Green,2,Harper Diaz,Blue,3,1983,Audi,Sport quattro,B,AWD,302,601.654,00:10:01.654,137.954,8,FALSE,FALSE,40,3366.00,88.60,Seco,10:30:00,TRUE,https://forzahorizonwiki.com/wiki/racing-for-pinks/,https://www.onlineracedriver.com/2012/08/03/forza-horizon-official-car-list/,https://forzahorizonwiki.com/wiki/forza-horizon/wristbands/
RES-0089,RACE-012,2012-10-24,Festival Race,Oakley Heat Wave,Main Stage Run,Main Stage,Sprint,Asfalto,10.50,1,Blue,3,Alex Mercer,Pink,4,2004,Saleen,S7,S,RWD,575,244.616,00:04:04.616,0.000,1,TRUE,FALSE,120,8400.00,154.50,Seco,11:45:00,TRUE,https://forzahorizonwiki.com/wiki/racing-for-pinks/,https://www.onlineracedriver.com/2012/08/03/forza-horizon-official-car-list/,https://forzahorizonwiki.com/wiki/forza-horizon/wristbands/
RES-0090,RACE-012,2012-10-24,Festival Race,Oakley Heat Wave,Main Stage Run,Main Stage,Sprint,Asfalto,10.50,1,Blue,3,Jamie Cole,Purple,6,2010,Ferrari,458 Italia,S,RWD,562,251.545,00:04:11.545,6.929,2,FALSE,FALSE,109,7811.00,150.30,Ensolarado,11:45:00,TRUE,https://forzahorizonwiki.com/wiki/racing-for-pinks/,https://www.onlineracedriver.com/2012/08/03/forza-horizon-official-car-list/,https://forzahorizonwiki.com/wiki/forza-horizon/wristbands/
RES-0091,RACE-012,2012-10-24,Festival Race,Oakley Heat Wave,Main Stage Run,Main Stage,Sprint,Asfalto,10.50,1,Blue,3,Jordan Hayes,Blue,3,2010,Ford,Focus RS500,A,FWD,345,253.690,00:04:13.690,9.074,3,FALSE,FALSE,98,7224.00,149.00,Nublado,11:45:00,TRUE,https://forzahorizonwiki.com/wiki/racing-for-pinks/,https://www.onlineracedriver.com/2012/08/03/forza-horizon-official-car-list/,https://forzahorizonwiki.com/wiki/forza-horizon/wristbands/
RES-0092,RACE-012,2012-10-24,Festival Race,Oakley Heat Wave,Main Stage Run,Main Stage,Sprint,Asfalto,10.50,1,Blue,3,Logan Rivera,Purple,6,2008,Mitsubishi,Lancer Evolution X GSR,A,AWD,291,261.482,00:04:21.482,16.866,4,FALSE,FALSE,87,6636.00,144.60,Seco,11:45:00,TRUE,https://forzahorizonwiki.com/wiki/racing-for-pinks/,https://www.onlineracedriver.com/2012/08/03/forza-horizon-official-car-list/,https://forzahorizonwiki.com/wiki/forza-horizon/wristbands/
RES-0093,RACE-012,2012-10-24,Festival Race,Oakley Heat Wave,Main Stage Run,Main Stage,Sprint,Asfalto,10.50,1,Blue,3,Peyton Hughes,Orange,5,2011,Audi,R8 GT,S,AWD,560,261.669,00:04:21.669,17.053,5,FALSE,FALSE,76,6048.00,144.50,Seco,11:45:00,TRUE,https://forzahorizonwiki.com/wiki/racing-for-pinks/,https://www.onlineracedriver.com/2012/08/03/forza-horizon-official-car-list/,https://forzahorizonwiki.com/wiki/forza-horizon/wristbands/
RES-0094,RACE-012,2012-10-24,Festival Race,Oakley Heat Wave,Main Stage Run,Main Stage,Sprint,Asfalto,10.50,1,Blue,3,Reese Morgan,Orange,5,1998,Toyota,Supra RZ,B,RWD,320,283.860,00:04:43.860,39.244,6,FALSE,FALSE,66,5459.00,133.20,Ensolarado,11:45:00,TRUE,https://forzahorizonwiki.com/wiki/racing-for-pinks/,https://www.onlineracedriver.com/2012/08/03/forza-horizon-official-car-list/,https://forzahorizonwiki.com/wiki/forza-horizon/wristbands/
RES-0095,RACE-012,2012-10-24,Festival Race,Oakley Heat Wave,Main Stage Run,Main Stage,Sprint,Asfalto,10.50,1,Blue,3,Quinn Parker,Pink,4,1970,Ford,Mustang Boss 429,B,RWD,375,284.074,00:04:44.074,39.458,7,FALSE,FALSE,55,4872.00,133.10,Nublado,11:45:00,TRUE,https://forzahorizonwiki.com/wiki/racing-for-pinks/,https://www.onlineracedriver.com/2012/08/03/forza-horizon-official-car-list/,https://forzahorizonwiki.com/wiki/forza-horizon/wristbands/
RES-0096,RACE-012,2012-10-24,Festival Race,Oakley Heat Wave,Main Stage Run,Main Stage,Sprint,Asfalto,10.50,1,Blue,3,Skyler Bennett,Blue,3,1985,Ford,RS200 Evolution,A,AWD,450,296.759,00:04:56.759,52.143,8,FALSE,FALSE,44,4284.00,127.40,Vento forte,11:45:00,TRUE,https://forzahorizonwiki.com/wiki/racing-for-pinks/,https://www.onlineracedriver.com/2012/08/03/forza-horizon-official-car-list/,https://forzahorizonwiki.com/wiki/forza-horizon/wristbands/
RES-0097,RACE-013,2012-10-25,Festival Race,ADIDAS Urban Avalanche,Beaumont Sprint Circuit,Beaumont,Circuit,Asfalto,7.40,3,Blue,3,Cameron Price,Blue,3,2012,Lamborghini,Aventador LP700-4,S,AWD,700,539.514,00:08:59.514,0.000,1,TRUE,FALSE,120,8400.00,148.10,Chuva leve,12:00:00,TRUE,https://forzahorizonwiki.com/wiki/racing-for-pinks/,https://www.onlineracedriver.com/2012/08/03/forza-horizon-official-car-list/,https://forzahorizonwiki.com/wiki/forza-horizon/wristbands/
RES-0098,RACE-013,2012-10-25,Festival Race,ADIDAS Urban Avalanche,Beaumont Sprint Circuit,Beaumont,Circuit,Asfalto,7.40,3,Blue,3,Avery Scott,Pink,4,2012,Nissan,GT-R Black Edition,A,AWD,530,559.937,00:09:19.937,20.423,2,FALSE,FALSE,109,7811.00,142.73,Vento forte,12:00:00,TRUE,https://forzahorizonwiki.com/wiki/racing-for-pinks/,https://www.onlineracedriver.com/2012/08/03/forza-horizon-official-car-list/,https://forzahorizonwiki.com/wiki/forza-horizon/wristbands/
RES-0099,RACE-013,2012-10-25,Festival Race,ADIDAS Urban Avalanche,Beaumont Sprint Circuit,Beaumont,Circuit,Asfalto,7.40,3,Blue,3,Logan Rivera,Blue,3,2008,BMW,M3,A,RWD,414,563.290,00:09:23.290,23.776,3,FALSE,FALSE,98,7224.00,141.90,Vento forte,12:00:00,TRUE,https://forzahorizonwiki.com/wiki/racing-for-pinks/,https://www.onlineracedriver.com/2012/08/03/forza-horizon-official-car-list/,https://forzahorizonwiki.com/wiki/forza-horizon/wristbands/
RES-0100,RACE-013,2012-10-25,Festival Race,ADIDAS Urban Avalanche,Beaumont Sprint Circuit,Beaumont,Circuit,Asfalto,7.40,3,Blue,3,Morgan Reed,Purple,6,2005,Ford,GT,S,RWD,550,566.721,00:09:26.721,27.207,4,FALSE,FALSE,87,6636.00,141.00,Chuva leve,12:00:00,TRUE,https://forzahorizonwiki.com/wiki/racing-for-pinks/,https://www.onlineracedriver.com/2012/08/03/forza-horizon-official-car-list/,https://forzahorizonwiki.com/wiki/forza-horizon/wristbands/
RES-0101,RACE-013,2012-10-25,Festival Race,ADIDAS Urban Avalanche,Beaumont Sprint Circuit,Beaumont,Circuit,Asfalto,7.40,3,Blue,3,Jordan Hayes,Purple,6,2011,Subaru,Impreza WRX STI,A,AWD,305,569.891,00:09:29.891,30.377,5,FALSE,FALSE,76,6048.00,140.20,Ensolarado,12:00:00,TRUE,https://forzahorizonwiki.com/wiki/racing-for-pinks/,https://www.onlineracedriver.com/2012/08/03/forza-horizon-official-car-list/,https://forzahorizonwiki.com/wiki/forza-horizon/wristbands/
RES-0102,RACE-013,2012-10-25,Festival Race,ADIDAS Urban Avalanche,Beaumont Sprint Circuit,Beaumont,Circuit,Asfalto,7.40,3,Blue,3,Drew Foster,Orange,5,2013,Dodge,Viper GTS,S,RWD,640,588.025,00:09:48.025,48.511,6,FALSE,FALSE,66,5459.00,135.90,Ensolarado,12:00:00,TRUE,https://forzahorizonwiki.com/wiki/racing-for-pinks/,https://www.onlineracedriver.com/2012/08/03/forza-horizon-official-car-list/,https://forzahorizonwiki.com/wiki/forza-horizon/wristbands/
RES-0103,RACE-013,2012-10-25,Festival Race,ADIDAS Urban Avalanche,Beaumont Sprint Circuit,Beaumont,Circuit,Asfalto,7.40,3,Blue,3,Casey Turner,Pink,4,2002,Nissan,Skyline GT-R V-Spec II,A,AWD,327,636.979,00:10:36.979,97.465,7,FALSE,FALSE,55,4872.00,125.50,Nublado,12:00:00,TRUE,https://forzahorizonwiki.com/wiki/racing-for-pinks/,https://www.onlineracedriver.com/2012/08/03/forza-horizon-official-car-list/,https://forzahorizonwiki.com/wiki/forza-horizon/wristbands/
RES-0104,RACE-013,2012-10-25,Festival Race,ADIDAS Urban Avalanche,Beaumont Sprint Circuit,Beaumont,Circuit,Asfalto,7.40,3,Blue,3,Riley Grant,Blue,3,2011,Ford,F-150 SVT Raptor,B,AWD,411,659.041,00:10:59.041,119.527,8,FALSE,FALSE,44,4284.00,121.30,Ensolarado,12:00:00,TRUE,https://forzahorizonwiki.com/wiki/racing-for-pinks/,https://www.onlineracedriver.com/2012/08/03/forza-horizon-official-car-list/,https://forzahorizonwiki.com/wiki/forza-horizon/wristbands/
RES-0105,RACE-014,2012-10-26,Festival Race,GoPro Euro Cross,Bunker Dirt Cross,Bunker,Dirt Cross,Terra,8.10,3,Blue,3,Logan Rivera,Pink,4,2010,Ferrari,458 Italia,S,RWD,562,983.475,00:16:23.475,0.000,1,TRUE,FALSE,120,8400.00,88.90,Chuva leve,13:15:00,TRUE,https://forzahorizonwiki.com/wiki/racing-for-pinks/,https://www.onlineracedriver.com/2012/08/03/forza-horizon-official-car-list/,https://forzahorizonwiki.com/wiki/forza-horizon/wristbands/
RES-0106,RACE-014,2012-10-26,Festival Race,GoPro Euro Cross,Bunker Dirt Cross,Bunker,Dirt Cross,Terra,8.10,3,Blue,3,Skyler Bennett,Orange,5,1997,Lamborghini,Diablo SV,S,RWD,510,988.793,00:16:28.793,5.318,2,FALSE,FALSE,109,7811.00,88.50,Seco,13:15:00,TRUE,https://forzahorizonwiki.com/wiki/racing-for-pinks/,https://www.onlineracedriver.com/2012/08/03/forza-horizon-official-car-list/,https://forzahorizonwiki.com/wiki/forza-horizon/wristbands/
RES-0107,RACE-014,2012-10-26,Festival Race,GoPro Euro Cross,Bunker Dirt Cross,Bunker,Dirt Cross,Terra,8.10,3,Blue,3,Cameron Price,Orange,5,2011,Audi,R8 GT,S,AWD,560,1013.105,00:16:53.105,29.630,3,FALSE,FALSE,98,7224.00,86.30,Seco,13:15:00,TRUE,https://forzahorizonwiki.com/wiki/racing-for-pinks/,https://www.onlineracedriver.com/2012/08/03/forza-horizon-official-car-list/,https://forzahorizonwiki.com/wiki/forza-horizon/wristbands/
RES-0108,RACE-014,2012-10-26,Festival Race,GoPro Euro Cross,Bunker Dirt Cross,Bunker,Dirt Cross,Terra,8.10,3,Blue,3,Jordan Hayes,Pink,4,2012,Dodge,Challenger SRT8 392,A,RWD,470,1021.960,00:17:01.960,38.485,4,FALSE,FALSE,87,6636.00,85.60,Chuva leve,13:15:00,TRUE,https://forzahorizonwiki.com/wiki/racing-for-pinks/,https://www.onlineracedriver.com/2012/08/03/forza-horizon-official-car-list/,https://forzahorizonwiki.com/wiki/forza-horizon/wristbands/
RES-0109,RACE-014,2012-10-26,Festival Race,GoPro Euro Cross,Bunker Dirt Cross,Bunker,Dirt Cross,Terra,8.10,3,Blue,3,Drew Foster,Pink,4,1985,Ford,RS200 Evolution,A,AWD,450,1115.154,00:18:35.154,131.679,5,FALSE,FALSE,76,6048.00,78.40,Chuva leve,13:15:00,TRUE,https://forzahorizonwiki.com/wiki/racing-for-pinks/,https://www.onlineracedriver.com/2012/08/03/forza-horizon-official-car-list/,https://forzahorizonwiki.com/wiki/forza-horizon/wristbands/
RES-0110,RACE-014,2012-10-26,Festival Race,GoPro Euro Cross,Bunker Dirt Cross,Bunker,Dirt Cross,Terra,8.10,3,Blue,3,Quinn Parker,Blue,3,2010,Ford,Focus RS500,A,FWD,345,1119.550,00:18:39.550,136.075,6,FALSE,FALSE,66,5459.00,78.10,Vento forte,13:15:00,TRUE,https://forzahorizonwiki.com/wiki/racing-for-pinks/,https://www.onlineracedriver.com/2012/08/03/forza-horizon-official-car-list/,https://forzahorizonwiki.com/wiki/forza-horizon/wristbands/
RES-0111,RACE-014,2012-10-26,Festival Race,GoPro Euro Cross,Bunker Dirt Cross,Bunker,Dirt Cross,Terra,8.10,3,Blue,3,Peyton Hughes,Orange,5,1970,Ford,Mustang Boss 429,B,RWD,375,1148.948,00:19:08.948,165.473,7,FALSE,FALSE,55,4872.00,76.10,Ensolarado,13:15:00,TRUE,https://forzahorizonwiki.com/wiki/racing-for-pinks/,https://www.onlineracedriver.com/2012/08/03/forza-horizon-official-car-list/,https://forzahorizonwiki.com/wiki/forza-horizon/wristbands/
RES-0112,RACE-014,2012-10-26,Festival Race,GoPro Euro Cross,Bunker Dirt Cross,Bunker,Dirt Cross,Terra,8.10,3,Blue,3,Alex Mercer,Pink,4,2008,Mitsubishi,Lancer Evolution X GSR,A,AWD,291,1448.569,00:24:08.569,465.094,8,FALSE,TRUE,44,4284.00,60.39,Seco,13:15:00,TRUE,https://forzahorizonwiki.com/wiki/racing-for-pinks/,https://www.onlineracedriver.com/2012/08/03/forza-horizon-official-car-list/,https://forzahorizonwiki.com/wiki/forza-horizon/wristbands/
RES-0113,RACE-015,2012-10-20,Festival Race,Recaro '70s Rockout,Bunker Dirt Sprint,Bunker,Dirt Sprint,Terra,9.70,1,Blue,3,Jordan Hayes,Pink,4,2010,Lexus,LFA,S,RWD,552,301.983,00:05:01.983,0.000,1,TRUE,FALSE,120,8400.00,115.60,Nublado,14:30:00,TRUE,https://forzahorizonwiki.com/wiki/racing-for-pinks/,https://www.onlineracedriver.com/2012/08/03/forza-horizon-official-car-list/,https://forzahorizonwiki.com/wiki/forza-horizon/wristbands/
RES-0114,RACE-015,2012-10-20,Festival Race,Recaro '70s Rockout,Bunker Dirt Sprint,Bunker,Dirt Sprint,Terra,9.70,1,Blue,3,Jamie Cole,Pink,4,2005,Ford,GT,S,RWD,550,314.149,00:05:14.149,12.166,2,FALSE,FALSE,109,7811.00,111.20,Chuva leve,14:30:00,TRUE,https://forzahorizonwiki.com/wiki/racing-for-pinks/,https://www.onlineracedriver.com/2012/08/03/forza-horizon-official-car-list/,https://forzahorizonwiki.com/wiki/forza-horizon/wristbands/
RES-0115,RACE-015,2012-10-20,Festival Race,Recaro '70s Rockout,Bunker Dirt Sprint,Bunker,Dirt Sprint,Terra,9.70,1,Blue,3,Casey Turner,Pink,4,2012,Nissan,GT-R Black Edition,A,AWD,530,335.972,00:05:35.972,33.989,3,FALSE,FALSE,98,7224.00,103.90,Chuva leve,14:30:00,TRUE,https://forzahorizonwiki.com/wiki/racing-for-pinks/,https://www.onlineracedriver.com/2012/08/03/forza-horizon-official-car-list/,https://forzahorizonwiki.com/wiki/forza-horizon/wristbands/
RES-0116,RACE-015,2012-10-20,Festival Race,Recaro '70s Rockout,Bunker Dirt Sprint,Bunker,Dirt Sprint,Terra,9.70,1,Blue,3,Cameron Price,Purple,6,2012,Lamborghini,Aventador LP700-4,S,AWD,700,353.263,00:05:53.263,51.280,4,FALSE,FALSE,87,6636.00,98.80,Seco,14:30:00,TRUE,https://forzahorizonwiki.com/wiki/racing-for-pinks/,https://www.onlineracedriver.com/2012/08/03/forza-horizon-official-car-list/,https://forzahorizonwiki.com/wiki/forza-horizon/wristbands/
RES-0117,RACE-015,2012-10-20,Festival Race,Recaro '70s Rockout,Bunker Dirt Sprint,Bunker,Dirt Sprint,Terra,9.70,1,Blue,3,Logan Rivera,Blue,3,2008,BMW,M3,A,RWD,414,356.728,00:05:56.728,54.745,5,FALSE,FALSE,76,6048.00,97.90,Vento forte,14:30:00,TRUE,https://forzahorizonwiki.com/wiki/racing-for-pinks/,https://www.onlineracedriver.com/2012/08/03/forza-horizon-official-car-list/,https://forzahorizonwiki.com/wiki/forza-horizon/wristbands/
RES-0118,RACE-015,2012-10-20,Festival Race,Recaro '70s Rockout,Bunker Dirt Sprint,Bunker,Dirt Sprint,Terra,9.70,1,Blue,3,Harper Diaz,Blue,3,2011,Ford,F-150 SVT Raptor,B,AWD,411,362.559,00:06:02.559,60.576,6,FALSE,FALSE,66,5459.00,96.30,Nublado,14:30:00,TRUE,https://forzahorizonwiki.com/wiki/racing-for-pinks/,https://www.onlineracedriver.com/2012/08/03/forza-horizon-official-car-list/,https://forzahorizonwiki.com/wiki/forza-horizon/wristbands/
RES-0119,RACE-015,2012-10-20,Festival Race,Recaro '70s Rockout,Bunker Dirt Sprint,Bunker,Dirt Sprint,Terra,9.70,1,Blue,3,Alex Mercer,Purple,6,2011,Subaru,Impreza WRX STI,A,AWD,305,363.991,00:06:03.991,62.008,7,FALSE,FALSE,55,4872.00,95.90,Ensolarado,14:30:00,TRUE,https://forzahorizonwiki.com/wiki/racing-for-pinks/,https://www.onlineracedriver.com/2012/08/03/forza-horizon-official-car-list/,https://forzahorizonwiki.com/wiki/forza-horizon/wristbands/
RES-0120,RACE-015,2012-10-20,Festival Race,Recaro '70s Rockout,Bunker Dirt Sprint,Bunker,Dirt Sprint,Terra,9.70,1,Blue,3,Peyton Hughes,Purple,6,1983,Audi,Sport quattro,B,AWD,302,365.185,00:06:05.185,63.202,8,FALSE,FALSE,44,4284.00,95.60,Ensolarado,14:30:00,TRUE,https://forzahorizonwiki.com/wiki/racing-for-pinks/,https://www.onlineracedriver.com/2012/08/03/forza-horizon-official-car-list/,https://forzahorizonwiki.com/wiki/forza-horizon/wristbands/
RES-0121,RACE-016,2012-10-21,Festival Race,BBS Showdown,Route 24 Run,Route 24,Sprint,Asfalto,12.10,1,Blue,3,Jordan Hayes,Pink,4,1997,Lamborghini,Diablo SV,S,RWD,510,393.158,00:06:33.158,0.000,1,TRUE,FALSE,120,8400.00,110.80,Nublado,15:45:00,TRUE,https://forzahorizonwiki.com/wiki/racing-for-pinks/,https://www.onlineracedriver.com/2012/08/03/forza-horizon-official-car-list/,https://forzahorizonwiki.com/wiki/forza-horizon/wristbands/
RES-0122,RACE-016,2012-10-21,Festival Race,BBS Showdown,Route 24 Run,Route 24,Sprint,Asfalto,12.10,1,Blue,3,Drew Foster,Blue,3,2004,Saleen,S7,S,RWD,575,396.644,00:06:36.644,3.486,2,FALSE,FALSE,109,7811.00,109.80,Chuva leve,15:45:00,TRUE,https://forzahorizonwiki.com/wiki/racing-for-pinks/,https://www.onlineracedriver.com/2012/08/03/forza-horizon-official-car-list/,https://forzahorizonwiki.com/wiki/forza-horizon/wristbands/
RES-0123,RACE-016,2012-10-21,Festival Race,BBS Showdown,Route 24 Run,Route 24,Sprint,Asfalto,12.10,1,Blue,3,Taylor Brooks,Pink,4,2008,Mitsubishi,Lancer Evolution X GSR,A,AWD,291,421.731,00:07:01.731,28.573,3,FALSE,FALSE,98,7224.00,103.30,Ensolarado,15:45:00,TRUE,https://forzahorizonwiki.com/wiki/racing-for-pinks/,https://www.onlineracedriver.com/2012/08/03/forza-horizon-official-car-list/,https://forzahorizonwiki.com/wiki/forza-horizon/wristbands/
RES-0124,RACE-016,2012-10-21,Festival Race,BBS Showdown,Route 24 Run,Route 24,Sprint,Asfalto,12.10,1,Blue,3,Cameron Price,Pink,4,2010,Ford,Focus RS500,A,FWD,345,440.372,00:07:20.372,47.214,4,FALSE,FALSE,87,6636.00,98.90,Ensolarado,15:45:00,TRUE,https://forzahorizonwiki.com/wiki/racing-for-pinks/,https://www.onlineracedriver.com/2012/08/03/forza-horizon-official-car-list/,https://forzahorizonwiki.com/wiki/forza-horizon/wristbands/
RES-0125,RACE-016,2012-10-21,Festival Race,BBS Showdown,Route 24 Run,Route 24,Sprint,Asfalto,12.10,1,Blue,3,Skyler Bennett,Pink,4,2012,Dodge,Challenger SRT8 392,A,RWD,470,452.126,00:07:32.126,58.968,5,FALSE,FALSE,76,6048.00,96.30,Nublado,15:45:00,TRUE,https://forzahorizonwiki.com/wiki/racing-for-pinks/,https://www.onlineracedriver.com/2012/08/03/forza-horizon-official-car-list/,https://forzahorizonwiki.com/wiki/forza-horizon/wristbands/
RES-0126,RACE-016,2012-10-21,Festival Race,BBS Showdown,Route 24 Run,Route 24,Sprint,Asfalto,12.10,1,Blue,3,Harper Diaz,Pink,4,1985,Ford,RS200 Evolution,A,AWD,450,455.935,00:07:35.935,62.777,6,FALSE,FALSE,66,5459.00,95.54,Nublado,15:45:00,TRUE,https://forzahorizonwiki.com/wiki/racing-for-pinks/,https://www.onlineracedriver.com/2012/08/03/forza-horizon-official-car-list/,https://forzahorizonwiki.com/wiki/forza-horizon/wristbands/
RES-0127,RACE-016,2012-10-21,Festival Race,BBS Showdown,Route 24 Run,Route 24,Sprint,Asfalto,12.10,1,Blue,3,Riley Grant,Pink,4,1998,Toyota,Supra RZ,B,RWD,320,477.236,00:07:57.236,84.078,7,FALSE,FALSE,55,4872.00,91.30,Chuva leve,15:45:00,TRUE,https://forzahorizonwiki.com/wiki/racing-for-pinks/,https://www.onlineracedriver.com/2012/08/03/forza-horizon-official-car-list/,https://forzahorizonwiki.com/wiki/forza-horizon/wristbands/
RES-0128,RACE-016,2012-10-21,Festival Race,BBS Showdown,Route 24 Run,Route 24,Sprint,Asfalto,12.10,1,Blue,3,Morgan Reed,Orange,5,1970,Ford,Mustang Boss 429,B,RWD,375,486.165,00:08:06.165,93.007,8,FALSE,FALSE,44,4284.00,89.60,Ensolarado,15:45:00,TRUE,https://forzahorizonwiki.com/wiki/racing-for-pinks/,https://www.onlineracedriver.com/2012/08/03/forza-horizon-official-car-list/,https://forzahorizonwiki.com/wiki/forza-horizon/wristbands/
RES-0129,RACE-017,2012-10-22,Festival Race,Rockstar Cliff Run,Finley Ram Circuit,Finley Dam,Circuit,Asfalto,8.60,3,Blue,3,Alex Mercer,Blue,3,2005,Ford,GT,S,RWD,550,899.339,00:14:59.339,0.000,1,TRUE,FALSE,120,8400.00,103.30,Vento forte,16:00:00,TRUE,https://forzahorizonwiki.com/wiki/racing-for-pinks/,https://www.onlineracedriver.com/2012/08/03/forza-horizon-official-car-list/,https://forzahorizonwiki.com/wiki/forza-horizon/wristbands/
RES-0130,RACE-017,2012-10-22,Festival Race,Rockstar Cliff Run,Finley Ram Circuit,Finley Dam,Circuit,Asfalto,8.60,3,Blue,3,Jamie Cole,Purple,6,2013,Dodge,Viper GTS,S,RWD,640,908.506,00:15:08.506,9.167,2,FALSE,FALSE,109,7811.00,102.20,Nublado,16:00:00,TRUE,https://forzahorizonwiki.com/wiki/racing-for-pinks/,https://www.onlineracedriver.com/2012/08/03/forza-horizon-official-car-list/,https://forzahorizonwiki.com/wiki/forza-horizon/wristbands/
RES-0131,RACE-017,2012-10-22,Festival Race,Rockstar Cliff Run,Finley Ram Circuit,Finley Dam,Circuit,Asfalto,8.60,3,Blue,3,Cameron Price,Purple,6,2012,Lamborghini,Aventador LP700-4,S,AWD,700,956.096,00:15:56.096,56.756,3,FALSE,FALSE,98,7224.00,97.10,Ensolarado,16:00:00,TRUE,https://forzahorizonwiki.com/wiki/racing-for-pinks/,https://www.onlineracedriver.com/2012/08/03/forza-horizon-official-car-list/,https://forzahorizonwiki.com/wiki/forza-horizon/wristbands/
RES-0132,RACE-017,2012-10-22,Festival Race,Rockstar Cliff Run,Finley Ram Circuit,Finley Dam,Circuit,Asfalto,8.60,3,Blue,3,Drew Foster,Pink,4,2010,Lexus,LFA,S,RWD,552,994.424,00:16:34.424,95.085,4,FALSE,FALSE,87,6636.00,93.40,Seco,16:00:00,TRUE,https://forzahorizonwiki.com/wiki/racing-for-pinks/,https://www.onlineracedriver.com/2012/08/03/forza-horizon-official-car-list/,https://forzahorizonwiki.com/wiki/forza-horizon/wristbands/
RES-0133,RACE-017,2012-10-22,Festival Race,Rockstar Cliff Run,Finley Ram Circuit,Finley Dam,Circuit,Asfalto,8.60,3,Blue,3,Skyler Bennett,Purple,6,2002,Nissan,Skyline GT-R V-Spec II,A,AWD,327,1066.233,00:17:46.233,166.894,5,FALSE,FALSE,76,6048.00,87.10,Seco,16:00:00,TRUE,https://forzahorizonwiki.com/wiki/racing-for-pinks/,https://www.onlineracedriver.com/2012/08/03/forza-horizon-official-car-list/,https://forzahorizonwiki.com/wiki/forza-horizon/wristbands/
RES-0134,RACE-017,2012-10-22,Festival Race,Rockstar Cliff Run,Finley Ram Circuit,Finley Dam,Circuit,Asfalto,8.60,3,Blue,3,Harper Diaz,Blue,3,2011,Subaru,Impreza WRX STI,A,AWD,305,1075.146,00:17:55.146,175.807,6,FALSE,FALSE,66,5459.00,86.40,Ensolarado,16:00:00,TRUE,https://forzahorizonwiki.com/wiki/racing-for-pinks/,https://www.onlineracedriver.com/2012/08/03/forza-horizon-official-car-list/,https://forzahorizonwiki.com/wiki/forza-horizon/wristbands/
RES-0135,RACE-017,2012-10-22,Festival Race,Rockstar Cliff Run,Finley Ram Circuit,Finley Dam,Circuit,Asfalto,8.60,3,Blue,3,Jordan Hayes,Pink,4,1983,Audi,Sport quattro,B,AWD,302,1082.435,00:18:02.435,183.096,7,FALSE,FALSE,55,4872.00,85.80,Seco,16:00:00,TRUE,https://forzahorizonwiki.com/wiki/racing-for-pinks/,https://www.onlineracedriver.com/2012/08/03/forza-horizon-official-car-list/,https://forzahorizonwiki.com/wiki/forza-horizon/wristbands/
RES-0136,RACE-017,2012-10-22,Festival Race,Rockstar Cliff Run,Finley Ram Circuit,Finley Dam,Circuit,Asfalto,8.60,3,Blue,3,Reese Morgan,Blue,3,2011,Ford,F-150 SVT Raptor,B,AWD,411,1087.729,00:18:07.729,188.390,8,FALSE,FALSE,44,4284.00,85.40,Chuva leve,16:00:00,TRUE,https://forzahorizonwiki.com/wiki/racing-for-pinks/,https://www.onlineracedriver.com/2012/08/03/forza-horizon-official-car-list/,https://forzahorizonwiki.com/wiki/forza-horizon/wristbands/
RES-0137,RACE-018,2012-10-23,Festival Race,Fatlace Chase,Route 27 Run,Route 27,Sprint,Asfalto,13.40,1,Blue,3,Cameron Price,Pink,4,1997,Lamborghini,Diablo SV,S,RWD,510,279.270,00:04:39.270,0.000,1,TRUE,FALSE,120,8400.00,172.70,Nublado,17:15:00,TRUE,https://forzahorizonwiki.com/wiki/racing-for-pinks/,https://www.onlineracedriver.com/2012/08/03/forza-horizon-official-car-list/,https://forzahorizonwiki.com/wiki/forza-horizon/wristbands/
RES-0138,RACE-018,2012-10-23,Festival Race,Fatlace Chase,Route 27 Run,Route 27,Sprint,Asfalto,13.40,1,Blue,3,Alex Mercer,Purple,6,1985,Ford,RS200 Evolution,A,AWD,450,286.360,00:04:46.360,7.090,2,FALSE,FALSE,109,7811.00,168.50,Ensolarado,17:15:00,TRUE,https://forzahorizonwiki.com/wiki/racing-for-pinks/,https://www.onlineracedriver.com/2012/08/03/forza-horizon-official-car-list/,https://forzahorizonwiki.com/wiki/forza-horizon/wristbands/
RES-0139,RACE-018,2012-10-23,Festival Race,Fatlace Chase,Route 27 Run,Route 27,Sprint,Asfalto,13.40,1,Blue,3,Drew Foster,Purple,6,2004,Saleen,S7,S,RWD,575,293.953,00:04:53.953,14.683,3,FALSE,FALSE,98,7224.00,164.10,Ensolarado,17:15:00,TRUE,https://forzahorizonwiki.com/wiki/racing-for-pinks/,https://www.onlineracedriver.com/2012/08/03/forza-horizon-official-car-list/,https://forzahorizonwiki.com/wiki/forza-horizon/wristbands/
RES-0140,RACE-018,2012-10-23,Festival Race,Fatlace Chase,Route 27 Run,Route 27,Sprint,Asfalto,13.40,1,Blue,3,Skyler Bennett,Pink,4,2010,Ferrari,458 Italia,S,RWD,562,295.019,00:04:55.019,15.749,4,FALSE,FALSE,87,6636.00,163.51,Chuva leve,17:15:00,TRUE,https://forzahorizonwiki.com/wiki/racing-for-pinks/,https://www.onlineracedriver.com/2012/08/03/forza-horizon-official-car-list/,https://forzahorizonwiki.com/wiki/forza-horizon/wristbands/
RES-0141,RACE-018,2012-10-23,Festival Race,Fatlace Chase,Route 27 Run,Route 27,Sprint,Asfalto,13.40,1,Blue,3,Jordan Hayes,Purple,6,2011,Audi,R8 GT,S,AWD,560,306.433,00:05:06.433,27.163,5,FALSE,FALSE,76,6048.00,157.40,Vento forte,17:15:00,TRUE,https://forzahorizonwiki.com/wiki/racing-for-pinks/,https://www.onlineracedriver.com/2012/08/03/forza-horizon-official-car-list/,https://forzahorizonwiki.com/wiki/forza-horizon/wristbands/
RES-0142,RACE-018,2012-10-23,Festival Race,Fatlace Chase,Route 27 Run,Route 27,Sprint,Asfalto,13.40,1,Blue,3,Avery Scott,Blue,3,1970,Ford,Mustang Boss 429,B,RWD,375,309.212,00:05:09.212,29.942,6,FALSE,FALSE,66,5459.00,156.00,Seco,17:15:00,TRUE,https://forzahorizonwiki.com/wiki/racing-for-pinks/,https://www.onlineracedriver.com/2012/08/03/forza-horizon-official-car-list/,https://forzahorizonwiki.com/wiki/forza-horizon/wristbands/
RES-0143,RACE-018,2012-10-23,Festival Race,Fatlace Chase,Route 27 Run,Route 27,Sprint,Asfalto,13.40,1,Blue,3,Harper Diaz,Blue,3,1998,Toyota,Supra RZ,B,RWD,320,322.809,00:05:22.809,43.539,7,FALSE,FALSE,55,4872.00,149.40,Ensolarado,17:15:00,TRUE,https://forzahorizonwiki.com/wiki/racing-for-pinks/,https://www.onlineracedriver.com/2012/08/03/forza-horizon-official-car-list/,https://forzahorizonwiki.com/wiki/forza-horizon/wristbands/
RES-0144,RACE-018,2012-10-23,Festival Race,Fatlace Chase,Route 27 Run,Route 27,Sprint,Asfalto,13.40,1,Blue,3,Jamie Cole,Blue,3,2010,Ford,Focus RS500,A,FWD,345,439.737,00:07:19.737,160.466,8,FALSE,TRUE,44,4284.00,109.70,Chuva leve,17:15:00,TRUE,https://forzahorizonwiki.com/wiki/racing-for-pinks/,https://www.onlineracedriver.com/2012/08/03/forza-horizon-official-car-list/,https://forzahorizonwiki.com/wiki/forza-horizon/wristbands/
RES-0145,RACE-019,2012-10-24,Festival Race,BBS Japanese Trailblazers,Reservoir Trail,Reservoir,Trail,Terra,11.90,1,Blue,3,Jordan Hayes,Blue,3,2005,Ford,GT,S,RWD,550,431.519,00:07:11.519,0.000,1,TRUE,FALSE,120,8400.00,99.30,Vento forte,18:30:00,TRUE,https://forzahorizonwiki.com/wiki/racing-for-pinks/,https://www.onlineracedriver.com/2012/08/03/forza-horizon-official-car-list/,https://forzahorizonwiki.com/wiki/forza-horizon/wristbands/
RES-0146,RACE-019,2012-10-24,Festival Race,BBS Japanese Trailblazers,Reservoir Trail,Reservoir,Trail,Terra,11.90,1,Blue,3,Riley Grant,Purple,6,2002,Nissan,Skyline GT-R V-Spec II,A,AWD,327,444.131,00:07:24.131,12.612,2,FALSE,FALSE,109,7811.00,96.50,Chuva leve,18:30:00,TRUE,https://forzahorizonwiki.com/wiki/racing-for-pinks/,https://www.onlineracedriver.com/2012/08/03/forza-horizon-official-car-list/,https://forzahorizonwiki.com/wiki/forza-horizon/wristbands/
RES-0147,RACE-019,2012-10-24,Festival Race,BBS Japanese Trailblazers,Reservoir Trail,Reservoir,Trail,Terra,11.90,1,Blue,3,Reese Morgan,Blue,3,2010,Lexus,LFA,S,RWD,552,455.325,00:07:35.325,23.806,3,FALSE,FALSE,98,7224.00,94.10,Chuva leve,18:30:00,TRUE,https://forzahorizonwiki.com/wiki/racing-for-pinks/,https://www.onlineracedriver.com/2012/08/03/forza-horizon-official-car-list/,https://forzahorizonwiki.com/wiki/forza-horizon/wristbands/
RES-0148,RACE-019,2012-10-24,Festival Race,BBS Japanese Trailblazers,Reservoir Trail,Reservoir,Trail,Terra,11.90,1,Blue,3,Taylor Brooks,Blue,3,2012,Lamborghini,Aventador LP700-4,S,AWD,700,455.772,00:07:35.772,24.253,4,FALSE,FALSE,87,6636.00,94.00,Nublado,18:30:00,TRUE,https://forzahorizonwiki.com/wiki/racing-for-pinks/,https://www.onlineracedriver.com/2012/08/03/forza-horizon-official-car-list/,https://forzahorizonwiki.com/wiki/forza-horizon/wristbands/
RES-0149,RACE-019,2012-10-24,Festival Race,BBS Japanese Trailblazers,Reservoir Trail,Reservoir,Trail,Terra,11.90,1,Blue,3,Jamie Cole,Pink,4,2011,Subaru,Impreza WRX STI,A,AWD,305,461.382,00:07:41.382,29.863,5,FALSE,FALSE,76,6048.00,92.90,Ensolarado,18:30:00,TRUE,https://forzahorizonwiki.com/wiki/racing-for-pinks/,https://www.onlineracedriver.com/2012/08/03/forza-horizon-official-car-list/,https://forzahorizonwiki.com/wiki/forza-horizon/wristbands/
RES-0150,RACE-019,2012-10-24,Festival Race,BBS Japanese Trailblazers,Reservoir Trail,Reservoir,Trail,Terra,11.90,1,Blue,3,Morgan Reed,Pink,4,2012,Nissan,GT-R Black Edition,A,AWD,530,473.754,00:07:53.754,42.235,6,FALSE,FALSE,66,5459.00,90.40,Chuva leve,18:30:00,TRUE,https://forzahorizonwiki.com/wiki/racing-for-pinks/,https://www.onlineracedriver.com/2012/08/03/forza-horizon-official-car-list/,https://forzahorizonwiki.com/wiki/forza-horizon/wristbands/
RES-0151,RACE-019,2012-10-24,Festival Race,BBS Japanese Trailblazers,Reservoir Trail,Reservoir,Trail,Terra,11.90,1,Blue,3,Peyton Hughes,Pink,4,2013,Dodge,Viper GTS,S,RWD,640,476.025,00:07:56.025,44.505,7,FALSE,FALSE,55,4872.00,90.00,Nublado,18:30:00,TRUE,https://forzahorizonwiki.com/wiki/racing-for-pinks/,https://www.onlineracedriver.com/2012/08/03/forza-horizon-official-car-list/,https://forzahorizonwiki.com/wiki/forza-horizon/wristbands/
RES-0152,RACE-019,2012-10-24,Festival Race,BBS Japanese Trailblazers,Reservoir Trail,Reservoir,Trail,Terra,11.90,1,Blue,3,Casey Turner,Orange,5,2008,BMW,M3,A,RWD,414,505.579,00:08:25.579,74.059,8,FALSE,FALSE,44,4284.00,84.70,Ensolarado,18:30:00,TRUE,https://forzahorizonwiki.com/wiki/racing-for-pinks/,https://www.onlineracedriver.com/2012/08/03/forza-horizon-official-car-list/,https://forzahorizonwiki.com/wiki/forza-horizon/wristbands/
RES-0153,RACE-020,2012-10-22,Star Showdown,Star Showdown - Ramona Cravache,Ramona Challenge Route,Red Rock,Head-to-Head,Misto,13.20,1,Yellow,1,Ramona Cravache,Yellow,1,2011,Ford,F-150 SVT Raptor,B,AWD,411,282.634,00:04:42.634,0.000,1,TRUE,FALSE,0,10500.00,168.10,Seco,18:30:00,TRUE,https://forzahorizonwiki.com/wiki/domination/,https://www.onlineracedriver.com/2012/08/03/forza-horizon-official-car-list/,https://forzahorizonwiki.com/wiki/forza-horizon/wristbands/
RES-0154,RACE-020,2012-10-22,Star Showdown,Star Showdown - Ramona Cravache,Ramona Challenge Route,Red Rock,Head-to-Head,Misto,13.20,1,Yellow,1,Alex Mercer,Yellow,1,2012,Lamborghini,Aventador LP700-4,S,AWD,700,288.567,00:04:48.567,5.932,2,FALSE,FALSE,0,10500.00,164.68,Seco,18:30:00,TRUE,https://forzahorizonwiki.com/wiki/domination/,https://www.onlineracedriver.com/2012/08/03/forza-horizon-official-car-list/,https://forzahorizonwiki.com/wiki/forza-horizon/wristbands/
RES-0155,RACE-021,2012-10-23,Star Showdown,Star Showdown - Ali Howard,Ali Challenge Route,Carson,Head-to-Head,Asfalto,12.80,1,Green,2,Alex Mercer,Pink,4,2012,Nissan,GT-R Black Edition,A,AWD,530,297.530,00:04:57.530,0.000,1,TRUE,FALSE,0,13000.00,154.90,Chuva leve,19:30:00,TRUE,https://forzahorizonwiki.com/wiki/domination/,https://www.onlineracedriver.com/2012/08/03/forza-horizon-official-car-list/,https://forzahorizonwiki.com/wiki/forza-horizon/wristbands/
RES-0156,RACE-021,2012-10-23,Star Showdown,Star Showdown - Ali Howard,Ali Challenge Route,Carson,Head-to-Head,Asfalto,12.80,1,Green,2,Ali Howard,Green,2,2012,Dodge,Challenger SRT8 392,A,RWD,470,298.294,00:04:58.294,0.764,2,FALSE,FALSE,0,13000.00,154.50,Nublado,19:30:00,TRUE,https://forzahorizonwiki.com/wiki/domination/,https://www.onlineracedriver.com/2012/08/03/forza-horizon-official-car-list/,https://forzahorizonwiki.com/wiki/forza-horizon/wristbands/
RES-0157,RACE-022,2012-10-24,Star Showdown,Star Showdown - Duke Maguire,Duke Challenge Route,Gladstone,Head-to-Head,Asfalto,15.10,1,Blue,3,Duke Maguire,Blue,3,1997,Lamborghini,Diablo SV,S,RWD,510,323.731,00:05:23.731,0.000,1,TRUE,FALSE,0,15500.00,167.90,Vento forte,20:30:00,TRUE,https://forzahorizonwiki.com/wiki/domination/,https://www.onlineracedriver.com/2012/08/03/forza-horizon-official-car-list/,https://forzahorizonwiki.com/wiki/forza-horizon/wristbands/
RES-0158,RACE-022,2012-10-24,Star Showdown,Star Showdown - Duke Maguire,Duke Challenge Route,Gladstone,Head-to-Head,Asfalto,15.10,1,Blue,3,Alex Mercer,Blue,3,2008,BMW,M3,A,RWD,414,327.025,00:05:27.025,3.294,2,FALSE,FALSE,0,15500.00,166.20,Chuva leve,20:30:00,TRUE,https://forzahorizonwiki.com/wiki/domination/,https://www.onlineracedriver.com/2012/08/03/forza-horizon-official-car-list/,https://forzahorizonwiki.com/wiki/forza-horizon/wristbands/
RES-0159,RACE-023,2012-10-25,Star Showdown,Star Showdown - Marko Baran,Marko Challenge Route,Montano Plains,Head-to-Head,Misto,16.40,1,Pink,4,Marko Baran,Pink,4,2012,Nissan,GT-R Black Edition,A,AWD,530,348.000,00:05:48.000,0.000,1,TRUE,FALSE,0,18000.00,169.70,Seco,21:30:00,TRUE,https://forzahorizonwiki.com/wiki/domination/,https://www.onlineracedriver.com/2012/08/03/forza-horizon-official-car-list/,https://forzahorizonwiki.com/wiki/forza-horizon/wristbands/
RES-0160,RACE-023,2012-10-25,Star Showdown,Star Showdown - Marko Baran,Marko Challenge Route,Montano Plains,Head-to-Head,Misto,16.40,1,Pink,4,Alex Mercer,Orange,5,2011,Subaru,Impreza WRX STI,A,AWD,305,350.974,00:05:50.974,2.974,2,FALSE,FALSE,0,18000.00,168.20,Ensolarado,21:30:00,TRUE,https://forzahorizonwiki.com/wiki/domination/,https://www.onlineracedriver.com/2012/08/03/forza-horizon-official-car-list/,https://forzahorizonwiki.com/wiki/forza-horizon/wristbands/
RES-0161,RACE-024,2012-10-26,Star Showdown,Star Showdown - Zaki Malik,Zaki Challenge Route,Clear Springs,Head-to-Head,Asfalto,17.00,1,Orange,5,Alex Mercer,Orange,5,2011,Ford,F-150 SVT Raptor,B,AWD,411,374.596,00:06:14.596,0.000,1,TRUE,FALSE,0,20500.00,163.40,Nublado,22:30:00,TRUE,https://forzahorizonwiki.com/wiki/domination/,https://www.onlineracedriver.com/2012/08/03/forza-horizon-official-car-list/,https://forzahorizonwiki.com/wiki/forza-horizon/wristbands/
RES-0162,RACE-024,2012-10-26,Star Showdown,Star Showdown - Zaki Malik,Zaki Challenge Route,Clear Springs,Head-to-Head,Asfalto,17.00,1,Orange,5,Zaki Malik,Orange,5,2010,Lexus,LFA,S,RWD,552,385.469,00:06:25.469,10.874,2,FALSE,FALSE,0,20500.00,158.80,Vento forte,22:30:00,TRUE,https://forzahorizonwiki.com/wiki/domination/,https://www.onlineracedriver.com/2012/08/03/forza-horizon-official-car-list/,https://forzahorizonwiki.com/wiki/forza-horizon/wristbands/
RES-0163,RACE-025,2012-10-20,Star Showdown,Star Showdown - Hailey Harper,Hailey Challenge Route,Finley Dam,Head-to-Head,Asfalto,18.20,1,Purple,6,Hailey Harper,Purple,6,2004,Saleen,S7,S,RWD,575,361.720,00:06:01.720,0.000,1,TRUE,FALSE,0,23000.00,181.10,Seco,18:30:00,TRUE,https://forzahorizonwiki.com/wiki/domination/,https://www.onlineracedriver.com/2012/08/03/forza-horizon-official-car-list/,https://forzahorizonwiki.com/wiki/forza-horizon/wristbands/
RES-0164,RACE-025,2012-10-20,Star Showdown,Star Showdown - Hailey Harper,Hailey Challenge Route,Finley Dam,Head-to-Head,Asfalto,18.20,1,Purple,6,Alex Mercer,Gold,7,1983,Audi,Sport quattro,B,AWD,302,397.119,00:06:37.119,35.399,2,FALSE,FALSE,0,23000.00,165.00,Seco,18:30:00,TRUE,https://forzahorizonwiki.com/wiki/domination/,https://www.onlineracedriver.com/2012/08/03/forza-horizon-official-car-list/,https://forzahorizonwiki.com/wiki/forza-horizon/wristbands/
RES-0165,RACE-026,2012-10-21,Star Showdown,Star Showdown - Darius Flynt,Darius Challenge Route,Festival Central,Head-to-Head,Asfalto,20.50,1,Gold,7,Darius Flynt,Gold,7,2010,Ferrari,599XX,S,RWD,720,460.105,00:07:40.105,0.000,1,TRUE,FALSE,0,25500.00,160.40,Ensolarado,19:30:00,TRUE,https://forzahorizonwiki.com/wiki/domination/,https://www.onlineracedriver.com/2012/08/03/forza-horizon-official-car-list/,https://forzahorizonwiki.com/wiki/forza-horizon/wristbands/
RES-0166,RACE-026,2012-10-21,Star Showdown,Star Showdown - Darius Flynt,Darius Challenge Route,Festival Central,Head-to-Head,Asfalto,20.50,1,Gold,7,Alex Mercer,Gold,7,2010,Lexus,LFA,S,RWD,552,476.691,00:07:56.691,16.586,2,FALSE,FALSE,0,25500.00,154.80,Seco,19:30:00,TRUE,https://forzahorizonwiki.com/wiki/domination/,https://www.onlineracedriver.com/2012/08/03/forza-horizon-official-car-list/,https://forzahorizonwiki.com/wiki/forza-horizon/wristbands/
