registro_id,data_evento,dia_festival,regiao,local_evento,area_palco,radio_estacao,artista,faixa_musical,estilo_musical,tipo_apresentacao,horario_inicio,duracao_min,pulseira_cor,nivel_pulseira,categoria_pulseira,capacidade_area,ingressos_emitidos,checkins,convidados,staff,pessoas_na_area,no_show,ocupacao_pct,preco_medio_ingresso_usd,receita_ingressos_usd,consumo_medio_pessoa_usd,receita_alimentos_bebidas_usd,receita_merch_usd,avaliacao_publico_0a10,incidentes_reportados,registro_sintetico,fonte_referencia
MUS-0001,2012-10-19,1,Main Stage,Festival Central,Palco Principal,Horizon Bass Arena,Avicii,Levels (Skrillex Mix),EDM,DJ set,12:00:00,40,Yellow,1,Rookie,24000,21478,20884,600,245,21729,594,90.50,54.47,1137551.48,44.46,488910.98,141417.92,8.9,5,TRUE,https://forzahorizonwiki.com/wiki/forza-horizon/soundtrack/
MUS-0002,2012-10-20,2,Montano Plains,Montano Fields,Palco Sunset,Horizon Bass Arena,Azari & III,Reckless (With Your Love),Electro / House,DJ set,13:15:00,75,Blue,3,Intermediate,8580,7184,6984,174,124,7282,200,84.90,76.09,531412.56,38.67,203545.03,18654.58,8.8,0,TRUE,https://forzahorizonwiki.com/wiki/forza-horizon/soundtrack/
MUS-0003,2012-10-21,3,Main Stage,Festival Central,Palco Principal,Horizon Bass Arena,Benny Benassi,Cinema (Skrillex Remix),Electro House,DJ set,14:30:00,40,Orange,5,Advanced,11040,8460,8110,509,125,8744,350,79.20,106.32,862255.20,35.13,179141.38,43833.22,9.2,2,TRUE,https://forzahorizonwiki.com/wiki/forza-horizon/soundtrack/
MUS-0004,2012-10-22,4,Montano Plains,Montano Fields,Palco Sunset,Horizon Bass Arena,Chase & Status,Blind Faith (feat. Liam Bailey),Drum & Bass,DJ set,15:45:00,60,Gold,7,Elite/VIP,1980,1333,1170,22,21,1213,163,61.30,137.08,160383.60,49.44,29610.38,5658.69,8.4,0,TRUE,https://forzahorizonwiki.com/wiki/forza-horizon/soundtrack/
MUS-0005,2012-10-23,5,Main Stage,Festival Central,Palco Principal,Horizon Bass Arena,Chromeo,Hot Mess (Duck Sauce Mix),Electro Funk,DJ set,16:00:00,60,Green,2,Rookie,22080,15899,15332,443,316,16091,567,72.90,61.28,939544.96,29.61,324490.56,147510.91,8.4,3,TRUE,https://forzahorizonwiki.com/wiki/forza-horizon/soundtrack/
MUS-0006,2012-10-24,6,Montano Plains,Montano Fields,Palco Sunset,Horizon Bass Arena,Digitalism,Encore,Electro,DJ set,17:15:00,55,Pink,4,Intermediate,6930,6188,5686,154,87,5927,502,85.50,100.85,573433.10,42.04,161234.85,53365.73,9.1,0,TRUE,https://forzahorizonwiki.com/wiki/forza-horizon/soundtrack/
MUS-0007,2012-10-25,7,Main Stage,Festival Central,Palco Principal,Horizon Bass Arena,DJ Fresh,The Power (feat. Dizzee Rascal),Drum & Bass,DJ set,18:30:00,50,Purple,6,Elite,7200,5173,5026,154,76,5256,147,73.00,127.78,642222.28,43.38,158549.01,23756.87,7.1,1,TRUE,https://forzahorizonwiki.com/wiki/forza-horizon/soundtrack/
MUS-0008,2012-10-19,1,Clear Springs,Clear Springs Park,Palco Pulse,Horizon Bass Arena,Feed Me,Silicone Lube,Electro House,DJ set,19:45:00,55,Yellow,1,Rookie,8200,7350,7055,155,126,7336,295,89.50,55.46,391270.30,30.08,144550.02,43568.26,8.9,1,TRUE,https://forzahorizonwiki.com/wiki/forza-horizon/soundtrack/
MUS-0009,2012-10-20,2,Carson,Carson Street Hub,Palco Urbano,Horizon Bass Arena,Fenech-Soler,Lies (Alex Metric Remix),Indietronica,DJ set,20:00:00,45,Blue,3,Intermediate,7410,6166,5522,320,70,5912,644,79.80,84.09,464344.98,33.49,98809.99,36213.27,9.3,1,TRUE,https://forzahorizonwiki.com/wiki/forza-horizon/soundtrack/
MUS-0010,2012-10-21,3,Clear Springs,Clear Springs Park,Palco Pulse,Horizon Bass Arena,Madeon,Icarus,Electro House,DJ set,21:15:00,55,Orange,5,Advanced,3772,3772,3336,51,57,3444,436,91.30,111.76,372831.36,34.55,67592.39,13784.61,9.5,0,TRUE,https://forzahorizonwiki.com/wiki/forza-horizon/soundtrack/
MUS-0011,2012-10-22,4,Carson,Carson Street Hub,Palco Urbano,Horizon Bass Arena,Modestep,Show Me A Sign,Dubstep,DJ set,22:30:00,40,Gold,7,Elite/VIP,1710,1589,1387,73,22,1482,202,86.70,141.19,195830.53,36.85,36681.85,12278.69,9.1,1,TRUE,https://forzahorizonwiki.com/wiki/forza-horizon/soundtrack/
MUS-0012,2012-10-23,5,Clear Springs,Clear Springs Park,Palco Pulse,Horizon Bass Arena,Mord Fustang,Lick The Rainbow,Electro House,DJ set,12:45:00,60,Green,2,Rookie,7544,6426,5739,238,60,6037,687,80.00,65.84,377855.76,22.07,78462.26,71602.16,8.7,0,TRUE,https://forzahorizonwiki.com/wiki/forza-horizon/soundtrack/
MUS-0013,2012-10-24,6,Carson,Carson Street Hub,Palco Urbano,Horizon Bass Arena,Mr Magnetik,Remanence (Junior Remix),Electronic,DJ set,13:00:00,40,Pink,4,Intermediate,5985,4330,3963,75,91,4129,367,69.00,100.69,399034.47,38.71,82750.35,36201.56,8.9,0,TRUE,https://forzahorizonwiki.com/wiki/forza-horizon/soundtrack/
MUS-0014,2012-10-25,7,Clear Springs,Clear Springs Park,Palco Pulse,Horizon Bass Arena,Nero,Me & You,Dubstep,DJ set,14:15:00,50,Purple,6,Elite,2460,2083,1898,119,42,2059,185,83.70,124.98,237212.04,38.17,53560.95,12451.79,9.1,0,TRUE,https://forzahorizonwiki.com/wiki/forza-horizon/soundtrack/
MUS-0015,2012-10-19,1,Red Rock,Red Rock Canyon,Palco Canyon,Horizon Bass Arena,Nero,Reaching Out (Fred Falke Remix),Electronic,DJ set,15:30:00,50,Yellow,1,Rookie,7200,5231,5065,81,97,5243,166,72.80,45.10,228431.50,38.74,101082.06,16464.61,9.1,1,TRUE,https://forzahorizonwiki.com/wiki/forza-horizon/soundtrack/
MUS-0016,2012-10-20,2,Finley Dam,Finley Dam Deck,Palco Dam,Horizon Bass Arena,New Order,Blue Monday,New Wave,DJ set,16:45:00,90,Blue,3,Intermediate,3900,3280,3102,121,52,3275,178,84.00,76.40,236992.80,35.06,69136.09,11122.21,8.2,0,TRUE,https://forzahorizonwiki.com/wiki/forza-horizon/soundtrack/
MUS-0017,2012-10-21,3,Red Rock,Red Rock Canyon,Palco Canyon,Horizon Bass Arena,Porter Robinson,Language,Progressive House,DJ set,17:00:00,40,Orange,5,Advanced,3312,2638,2332,41,48,2421,306,73.10,101.85,237514.20,46.57,81197.14,8565.63,8.8,1,TRUE,https://forzahorizonwiki.com/wiki/forza-horizon/soundtrack/
MUS-0018,2012-10-22,4,Finley Dam,Finley Dam Deck,Palco Dam,Horizon Bass Arena,Rusko,Everyday (Netsky VIP Remix),Drum & Bass,DJ set,18:15:00,40,Gold,7,Elite/VIP,900,612,584,22,18,624,28,69.30,135.20,78956.80,54.30,21857.97,1859.89,9.7,0,TRUE,https://forzahorizonwiki.com/wiki/forza-horizon/soundtrack/
MUS-0019,2012-10-23,5,Red Rock,Red Rock Canyon,Palco Canyon,Horizon Bass Arena,Rusko,Somebody to Love (Sigma Remix),Drum & Bass,DJ set,19:30:00,90,Green,2,Rookie,6624,6624,5814,333,64,6211,810,93.80,65.74,382212.36,45.40,211691.20,25241.83,9.1,1,TRUE,https://forzahorizonwiki.com/wiki/forza-horizon/soundtrack/
MUS-0020,2012-10-24,6,Finley Dam,Finley Dam Deck,Palco Dam,Horizon Bass Arena,Scuba,The Hope,Techno,DJ set,20:45:00,90,Pink,4,Intermediate,3150,3150,2811,82,47,2940,339,93.30,89.17,250656.87,31.40,71139.89,23526.51,7.5,0,TRUE,https://forzahorizonwiki.com/wiki/forza-horizon/soundtrack/
MUS-0021,2012-10-25,7,Red Rock,Red Rock Canyon,Palco Canyon,Horizon Bass Arena,The Hacker,Bass 4,Electro,DJ set,21:00:00,45,Purple,6,Elite,2160,1392,1271,51,35,1357,121,62.80,115.80,147181.80,41.54,41454.49,4275.84,9.7,0,TRUE,https://forzahorizonwiki.com/wiki/forza-horizon/soundtrack/
MUS-0022,2012-10-19,1,Redfoot Ranch,Redfoot Ranch Grounds,Palco Ranch,Horizon Bass Arena,Wolfgang Gartner,Illmerica (Extended Version),Electro House,DJ set,22:15:00,35,Yellow,1,Rookie,6800,5396,4727,205,93,5025,669,73.90,53.67,253698.09,29.80,98098.20,37518.84,8.9,1,TRUE,https://forzahorizonwiki.com/wiki/forza-horizon/soundtrack/
MUS-0023,2012-10-20,2,Gladstone,Gladstone Outpost,Palco Norte,Horizon Pulse,Cut Copy,Need You Now,Indietronica,Festival set,12:30:00,55,Blue,3,Intermediate,4992,4632,4400,153,73,4626,232,92.70,79.40,349360.00,49.20,173139.33,11974.39,7.9,0,TRUE,https://forzahorizonwiki.com/wiki/forza-horizon/soundtrack/
MUS-0024,2012-10-21,3,Redfoot Ranch,Redfoot Ranch Grounds,Palco Ranch,Horizon Pulse,Electric Guest,Awake,Indie Pop,Festival set,13:45:00,60,Orange,5,Advanced,3128,2073,1904,76,29,2009,169,64.20,113.33,215780.32,51.26,60847.36,8033.18,9.0,0,TRUE,https://forzahorizonwiki.com/wiki/forza-horizon/soundtrack/
MUS-0025,2012-10-22,4,Gladstone,Gladstone Outpost,Palco Norte,Horizon Pulse,Empire of the Sun,Walking on a Dream,Synthpop,Festival set,14:00:00,55,Gold,7,Elite/VIP,1152,1017,886,42,18,946,131,82.10,142.04,125847.44,30.81,21668.44,4741.76,9.3,0,TRUE,https://forzahorizonwiki.com/wiki/forza-horizon/soundtrack/
MUS-0026,2012-10-23,5,Redfoot Ranch,Redfoot Ranch Grounds,Palco Ranch,Horizon Pulse,Fixers,Iron Deer Dream (Chad Valley Remix),Indie Electronic,Festival set,15:15:00,55,Green,2,Rookie,6256,4296,4061,103,71,4235,235,67.70,66.08,268350.88,26.38,84062.93,12631.27,7.7,0,TRUE,https://forzahorizonwiki.com/wiki/forza-horizon/soundtrack/
MUS-0027,2012-10-24,6,Gladstone,Gladstone Outpost,Palco Norte,Horizon Pulse,Foster The People,Don't Stop (Color on the Walls),Indie Pop,Festival set,16:30:00,45,Pink,4,Intermediate,4032,2576,2421,52,71,2544,155,63.10,97.38,235756.98,39.30,60817.95,6593.70,9.7,1,TRUE,https://forzahorizonwiki.com/wiki/forza-horizon/soundtrack/
MUS-0028,2012-10-25,7,Redfoot Ranch,Redfoot Ranch Grounds,Palco Ranch,Horizon Pulse,Friendly Fires,Hawaiian Air,Indie Dance,Festival set,17:45:00,45,Purple,6,Elite,2040,2040,1872,106,28,2006,168,98.30,121.02,226549.44,27.10,32041.07,22796.86,8.7,0,TRUE,https://forzahorizonwiki.com/wiki/forza-horizon/soundtrack/
MUS-0029,2012-10-19,1,Montano Plains,Montano Fields,Palco Sunset,Horizon Pulse,Friendly Fires,Hurting,Indie Dance,Festival set,18:00:00,75,Yellow,1,Rookie,11000,8512,7689,371,126,8186,823,74.40,58.63,450806.07,40.03,248296.91,38875.35,9.1,3,TRUE,https://forzahorizonwiki.com/wiki/forza-horizon/soundtrack/
MUS-0030,2012-10-20,2,Main Stage,Festival Central,Palco Principal,Horizon Pulse,Hooray for Earth,No Love,Indie Rock,Festival set,19:15:00,75,Blue,3,Intermediate,18720,13031,12141,290,322,12753,890,68.10,84.23,1022636.43,47.19,435246.86,64206.95,8.6,2,TRUE,https://forzahorizonwiki.com/wiki/forza-horizon/soundtrack/
MUS-0031,2012-10-21,3,Montano Plains,Montano Fields,Palco Sunset,Horizon Pulse,Hot Chip,Over & Over,Indietronica,Festival set,20:30:00,90,Orange,5,Advanced,5060,5034,4454,116,81,4651,580,91.90,105.90,471678.60,49.44,170480.84,21477.27,8.1,0,TRUE,https://forzahorizonwiki.com/wiki/forza-horizon/soundtrack/
MUS-0032,2012-10-22,4,Main Stage,Festival Central,Palco Principal,Horizon Pulse,Ladyhawke,"Black, White and Blue",Synthpop,Festival set,21:45:00,75,Gold,7,Elite/VIP,4320,3195,3091,165,49,3305,104,76.50,138.51,428134.41,53.75,102917.01,9129.09,8.9,0,TRUE,https://forzahorizonwiki.com/wiki/forza-horizon/soundtrack/
MUS-0033,2012-10-23,5,Montano Plains,Montano Fields,Palco Sunset,Horizon Pulse,Maverick Sabre,Let Me Go,Soul / Pop,Festival set,22:00:00,60,Green,2,Rookie,10120,8800,7671,129,141,7941,1129,78.50,69.20,530833.20,28.32,148845.71,58434.00,7.9,2,TRUE,https://forzahorizonwiki.com/wiki/forza-horizon/soundtrack/
MUS-0034,2012-10-24,6,Main Stage,Festival Central,Palco Principal,Horizon Pulse,Miike Snow,Paddling Out,Indie Pop,Festival set,12:15:00,50,Pink,4,Intermediate,15120,11030,9933,149,260,10342,1097,68.40,92.10,914829.30,24.37,171199.83,58296.82,8.0,3,TRUE,https://forzahorizonwiki.com/wiki/forza-horizon/soundtrack/
MUS-0035,2012-10-25,7,Montano Plains,Montano Fields,Palco Sunset,Horizon Pulse,Noah and the Whale,Life is Life (Yuksek Remix),Indie Electronic,Festival set,13:30:00,75,Purple,6,Elite,3300,3067,2893,88,39,3020,174,91.50,124.76,360930.68,42.99,69790.27,26626.83,7.7,1,TRUE,https://forzahorizonwiki.com/wiki/forza-horizon/soundtrack/
MUS-0036,2012-10-19,1,Carson,Carson Street Hub,Palco Urbano,Horizon Pulse,Passion Pit,Take A Walk,Indie Pop,Festival set,14:45:00,55,Yellow,1,Rookie,9500,6600,6040,213,155,6408,560,67.50,49.02,296080.80,30.13,126268.89,55875.86,7.8,1,TRUE,https://forzahorizonwiki.com/wiki/forza-horizon/soundtrack/
MUS-0037,2012-10-20,2,Clear Springs,Clear Springs Park,Palco Pulse,Horizon Pulse,Phoenix,1901,Indie Rock,Festival set,15:00:00,45,Blue,3,Intermediate,6396,4553,4212,252,102,4566,341,71.40,82.22,346310.64,29.20,90549.99,38276.68,9.8,2,TRUE,https://forzahorizonwiki.com/wiki/forza-horizon/soundtrack/
MUS-0038,2012-10-21,3,Carson,Carson Street Hub,Palco Urbano,Horizon Pulse,Sam and the Womp,Bom Bom,Dance Pop,Festival set,16:15:00,35,Orange,5,Advanced,4370,3150,2968,164,41,3173,182,72.60,104.43,309948.24,38.73,90314.69,10127.80,7.7,1,TRUE,https://forzahorizonwiki.com/wiki/forza-horizon/soundtrack/
MUS-0039,2012-10-22,4,Clear Springs,Clear Springs Park,Palco Pulse,Horizon Pulse,Santigold,Disparate Youth,Alternative Pop,Festival set,17:30:00,35,Gold,7,Elite/VIP,1476,1038,936,37,18,991,102,67.10,141.50,132444.00,54.27,40101.67,9805.94,8.7,1,TRUE,https://forzahorizonwiki.com/wiki/forza-horizon/soundtrack/
MUS-0040,2012-10-23,5,Carson,Carson Street Hub,Palco Urbano,Horizon Pulse,Tesla Boy,Spirit of the Night,Synthpop,Festival set,18:45:00,40,Green,2,Rookie,8740,8034,7441,318,150,7909,593,90.50,65.39,486566.99,43.44,233719.44,93998.29,7.2,0,TRUE,https://forzahorizonwiki.com/wiki/forza-horizon/soundtrack/
MUS-0041,2012-10-24,6,Clear Springs,Clear Springs Park,Palco Pulse,Horizon Pulse,The Maccabees,Pelican,Indie Rock,Festival set,19:00:00,90,Pink,4,Intermediate,5166,5166,4704,239,67,5010,462,97.00,99.56,468330.24,45.25,141100.16,24861.22,8.5,2,TRUE,https://forzahorizonwiki.com/wiki/forza-horizon/soundtrack/
MUS-0042,2012-10-25,7,Carson,Carson Street Hub,Palco Urbano,Horizon Pulse,The Naked & Famous,Punching in a Dream,Indie Electronic,Festival set,20:15:00,40,Purple,6,Elite,2850,2705,2489,115,30,2634,216,92.40,124.99,311100.11,33.07,50587.40,28931.21,8.8,0,TRUE,https://forzahorizonwiki.com/wiki/forza-horizon/soundtrack/
MUS-0043,2012-10-19,1,Finley Dam,Finley Dam Deck,Palco Dam,Horizon Pulse,Tom Vek,Aroused,Indie Electronic,Festival set,21:30:00,60,Yellow,1,Rookie,5000,3923,3761,96,60,3917,162,78.30,52.60,197828.60,29.69,63038.14,25426.67,9.2,0,TRUE,https://forzahorizonwiki.com/wiki/forza-horizon/soundtrack/
MUS-0044,2012-10-20,2,Red Rock,Red Rock Canyon,Palco Canyon,Horizon Pulse,Two Door Cinema Club,Something Good Can Work (The Twelves Remix),Indie Dance,Festival set,22:45:00,35,Blue,3,Intermediate,5616,5161,4567,243,66,4876,594,86.80,86.20,393675.40,29.66,86338.85,53492.62,8.9,0,TRUE,https://forzahorizonwiki.com/wiki/forza-horizon/soundtrack/
MUS-0045,2012-10-21,3,Finley Dam,Finley Dam Deck,Palco Dam,Horizon Pulse,Willy Moon,Yeah Yeah,Indie Pop,Festival set,12:00:00,55,Orange,5,Advanced,2300,2152,1917,114,29,2060,235,89.60,107.10,205310.70,24.90,29793.55,18440.81,8.2,0,TRUE,https://forzahorizonwiki.com/wiki/forza-horizon/soundtrack/
MUS-0046,2012-10-22,4,Red Rock,Red Rock Canyon,Palco Canyon,Horizon Rocks,Arctic Monkeys,R U Mine?,Indie Rock,Live set,13:15:00,75,Gold,7,Elite/VIP,1296,1063,1022,47,18,1087,41,83.90,137.29,140310.38,48.15,26440.86,7143.57,8.8,0,TRUE,https://forzahorizonwiki.com/wiki/forza-horizon/soundtrack/
MUS-0047,2012-10-23,5,Finley Dam,Finley Dam Deck,Palco Dam,Horizon Rocks,The Black Keys,Lonely Boy,Blues Rock,Live set,14:30:00,75,Green,2,Rookie,4600,3366,3166,119,52,3337,200,72.50,62.90,199141.40,48.09,97323.99,34810.43,7.4,1,TRUE,https://forzahorizonwiki.com/wiki/forza-horizon/soundtrack/
MUS-0048,2012-10-24,6,Red Rock,Red Rock Canyon,Palco Canyon,Horizon Rocks,Four Year Strong,The Infected,Pop Punk,Live set,15:45:00,35,Pink,4,Intermediate,4536,2913,2549,66,39,2654,364,58.50,97.56,248680.44,51.64,73982.10,7148.84,8.7,0,TRUE,https://forzahorizonwiki.com/wiki/forza-horizon/soundtrack/
MUS-0049,2012-10-25,7,Finley Dam,Finley Dam Deck,Palco Dam,Horizon Rocks,Howler,Back of Your Neck,Indie Rock,Live set,16:00:00,60,Purple,6,Elite,1500,1361,1246,32,22,1300,115,86.70,117.35,146218.10,44.62,40858.13,4664.48,9.2,0,TRUE,https://forzahorizonwiki.com/wiki/forza-horizon/soundtrack/
MUS-0050,2012-10-19,1,Gladstone,Gladstone Outpost,Palco Norte,Horizon Rocks,LCD Soundsystem,Give It Up,Dance Punk,Live set,17:15:00,75,Yellow,1,Rookie,6400,4265,4146,126,94,4366,119,68.20,50.55,209580.30,38.97,85547.73,39559.61,8.3,0,TRUE,https://forzahorizonwiki.com/wiki/forza-horizon/soundtrack/
MUS-0051,2012-10-20,2,Redfoot Ranch,Redfoot Ranch Grounds,Palco Ranch,Horizon Rocks,Lostprophets,Bring Em Down,Alternative Rock,Live set,18:30:00,35,Blue,3,Intermediate,5304,5050,4472,201,48,4721,578,89.00,77.86,348189.92,33.68,93998.17,34494.59,7.8,2,TRUE,https://forzahorizonwiki.com/wiki/forza-horizon/soundtrack/
MUS-0052,2012-10-21,3,Gladstone,Gladstone Outpost,Palco Norte,Horizon Rocks,Lostprophets,We Bring An Arsenal,Alternative Rock,Live set,19:45:00,90,Orange,5,Advanced,2944,2866,2762,174,42,2944,104,100.00,110.90,306305.80,37.50,77295.30,34362.37,8.4,1,TRUE,https://forzahorizonwiki.com/wiki/forza-horizon/soundtrack/
MUS-0053,2012-10-22,4,Redfoot Ranch,Redfoot Ranch Grounds,Palco Ranch,Horizon Rocks,Mona,Teenager,Alternative Rock,Live set,20:00:00,55,Gold,7,Elite/VIP,1224,1042,963,35,18,1016,79,83.00,133.51,128570.13,35.21,27201.58,5232.22,7.5,0,TRUE,https://forzahorizonwiki.com/wiki/forza-horizon/soundtrack/
MUS-0054,2012-10-23,5,Gladstone,Gladstone Outpost,Palco Norte,Horizon Rocks,Neon Trees,Animal,Alternative Rock,Live set,21:15:00,60,Green,2,Rookie,5888,5093,4608,146,76,4830,485,82.00,61.55,283622.40,25.18,87486.88,27691.45,9.2,0,TRUE,https://forzahorizonwiki.com/wiki/forza-horizon/soundtrack/
MUS-0055,2012-10-24,6,Redfoot Ranch,Redfoot Ranch Grounds,Palco Ranch,Horizon Rocks,Pulled Apart By Horses,"Wildfire, Smoke & Doom",Alternative Rock,Live set,22:30:00,75,Pink,4,Intermediate,4284,3164,3081,192,37,3310,83,77.30,93.84,289121.04,45.70,103948.08,28585.42,7.3,0,TRUE,https://forzahorizonwiki.com/wiki/forza-horizon/soundtrack/
MUS-0056,2012-10-25,7,Gladstone,Gladstone Outpost,Palco Norte,Horizon Rocks,Silversun Pickups,Lazy Eye,Alternative Rock,Live set,12:45:00,60,Purple,6,Elite,1920,1267,1205,59,21,1285,62,66.90,121.63,146564.15,42.26,32997.95,12318.51,8.0,1,TRUE,https://forzahorizonwiki.com/wiki/forza-horizon/soundtrack/
MUS-0057,2012-10-19,1,Main Stage,Festival Central,Palco Principal,Horizon Rocks,The Duke Spirit,Surrender,Alternative Rock,Live set,13:00:00,40,Yellow,1,Rookie,24000,17675,16766,352,238,17356,909,72.30,55.40,928836.40,46.28,551862.32,74971.66,8.5,3,TRUE,https://forzahorizonwiki.com/wiki/forza-horizon/soundtrack/
MUS-0058,2012-10-20,2,Montano Plains,Montano Fields,Palco Sunset,Horizon Rocks,The Enemy,Away from Here,Indie Rock,Live set,14:15:00,50,Blue,3,Intermediate,8580,7494,6708,300,152,7160,786,83.40,77.15,517522.20,31.59,129078.98,66059.42,8.6,1,TRUE,https://forzahorizonwiki.com/wiki/forza-horizon/soundtrack/
MUS-0059,2012-10-21,3,Main Stage,Festival Central,Palco Principal,Horizon Rocks,The Enemy,Had Enough,Indie Rock,Live set,15:30:00,90,Orange,5,Advanced,11040,7103,6707,417,158,7282,396,66.00,102.44,687065.08,24.38,100360.95,51321.97,7.6,3,TRUE,https://forzahorizonwiki.com/wiki/forza-horizon/soundtrack/
MUS-0060,2012-10-22,4,Montano Plains,Montano Fields,Palco Sunset,Horizon Rocks,The Hives,Hate To Say I Told You So,Garage Rock,Live set,16:45:00,90,Gold,7,Elite/VIP,1980,1442,1275,26,18,1319,167,66.60,130.04,165801.00,47.11,30825.63,5167.02,8.0,0,TRUE,https://forzahorizonwiki.com/wiki/forza-horizon/soundtrack/
MUS-0061,2012-10-23,5,Main Stage,Festival Central,Palco Principal,Horizon Rocks,The Stone Roses,She Bangs The Drums,Alternative Rock,Live set,17:00:00,50,Green,2,Rookie,22080,22080,21253,1131,310,22080,827,100.00,69.86,1484734.58,30.39,504970.36,117572.79,7.9,4,TRUE,https://forzahorizonwiki.com/wiki/forza-horizon/soundtrack/
MUS-0062,2012-10-24,6,Montano Plains,Montano Fields,Palco Sunset,Horizon Rocks,The Subways,Rock & Roll Queen,Indie Rock,Live set,18:15:00,50,Pink,4,Intermediate,6930,5991,5803,365,62,6230,188,89.90,95.76,555695.28,30.40,95521.04,29771.42,8.1,1,TRUE,https://forzahorizonwiki.com/wiki/forza-horizon/soundtrack/
MUS-0063,2012-10-25,7,Main Stage,Festival Central,Palco Principal,Horizon Rocks,TOY,Motoring,PSYCHEDELIC ROCK,Live set,19:30:00,55,Purple,6,Elite,7200,5728,5170,199,59,5428,558,75.40,124.90,645733.00,47.59,159178.30,49015.69,9.5,0,TRUE,https://forzahorizonwiki.com/wiki/forza-horizon/soundtrack/
MUS-0064,2012-10-19,1,Clear Springs,Clear Springs Park,Palco Pulse,Horizon Rocks,Wavves,Bug,Noise Pop,Live set,20:45:00,50,Yellow,1,Rookie,8200,7287,6598,406,100,7104,689,86.60,54.07,356753.86,44.96,232516.77,22579.31,8.8,2,TRUE,https://forzahorizonwiki.com/wiki/forza-horizon/soundtrack/
MUS-0065,2012-10-20,2,Carson,Carson Street Hub,Palco Urbano,Horizon Rocks,White Lies,Farewell to the Fairground,Post Punk,Live set,21:00:00,55,Blue,3,Intermediate,7410,6980,6388,188,68,6644,592,89.70,82.80,528926.40,49.62,207742.13,47777.37,8.7,1,TRUE,https://forzahorizonwiki.com/wiki/forza-horizon/soundtrack/
MUS-0066,2012-10-21,3,Clear Springs,Clear Springs Park,Palco Pulse,Horizon Rocks,You Me At Six,Bite My Tongue (feat. Oli Sykes),Post Hardcore,Live set,22:15:00,35,Orange,5,Advanced,3772,3039,2860,78,33,2971,179,78.80,114.99,328871.40,44.84,74716.68,8563.02,8.5,0,TRUE,https://forzahorizonwiki.com/wiki/forza-horizon/soundtrack/
MUS-0067,2012-10-22,4,Carson,Carson Street Hub,Palco Urbano,Horizon Rocks,Yuck,Get Away,Indie Rock,Live set,12:30:00,90,Gold,7,Elite/VIP,1710,1539,1352,32,23,1407,187,82.30,142.57,192754.64,42.17,35748.51,7808.93,8.8,0,TRUE,https://forzahorizonwiki.com/wiki/forza-horizon/soundtrack/
MUS-0068,2012-10-23,5,Clear Springs,Clear Springs Park,Palco Pulse,Horizon Bass Arena,Avicii,Levels (Skrillex Mix),EDM,DJ set,13:45:00,35,Green,2,Rookie,7544,6012,5548,267,90,5905,464,78.30,65.37,362672.76,28.35,96590.70,69187.44,7.9,1,TRUE,https://forzahorizonwiki.com/wiki/forza-horizon/soundtrack/
MUS-0069,2012-10-24,6,Carson,Carson Street Hub,Palco Urbano,Horizon Bass Arena,Azari & III,Reckless (With Your Love),Electro / House,DJ set,14:00:00,50,Pink,4,Intermediate,5985,5985,5422,228,72,5722,563,95.60,94.26,511077.72,41.50,149494.34,38333.90,9.0,1,TRUE,https://forzahorizonwiki.com/wiki/forza-horizon/soundtrack/
MUS-0070,2012-10-25,7,Clear Springs,Clear Springs Park,Palco Pulse,Horizon Bass Arena,Benny Benassi,Cinema (Skrillex Remix),Electro House,DJ set,15:15:00,35,Purple,6,Elite,2460,1663,1571,92,31,1694,92,68.90,128.62,202062.02,44.68,41763.78,6783.78,7.7,0,TRUE,https://forzahorizonwiki.com/wiki/forza-horizon/soundtrack/
MUS-0071,2012-10-19,1,Red Rock,Red Rock Canyon,Palco Canyon,Horizon Bass Arena,Chase & Status,Blind Faith (feat. Liam Bailey),Drum & Bass,DJ set,16:30:00,40,Yellow,1,Rookie,7200,4752,4138,250,90,4478,614,62.20,54.07,223741.66,21.57,73389.04,23611.08,8.3,0,TRUE,https://forzahorizonwiki.com/wiki/forza-horizon/soundtrack/
MUS-0072,2012-10-20,2,Finley Dam,Finley Dam Deck,Palco Dam,Horizon Bass Arena,Chromeo,Hot Mess (Duck Sauce Mix),Electro Funk,DJ set,17:45:00,50,Blue,3,Intermediate,3900,3227,2986,112,36,3134,241,80.40,85.91,256527.26,36.16,84291.22,33559.67,8.3,1,TRUE,https://forzahorizonwiki.com/wiki/forza-horizon/soundtrack/
MUS-0073,2012-10-21,3,Red Rock,Red Rock Canyon,Palco Canyon,Horizon Bass Arena,Digitalism,Encore,Electro,DJ set,18:00:00,55,Orange,5,Advanced,3312,2644,2318,93,53,2464,326,74.40,111.16,257668.88,49.96,80505.51,21607.89,9.0,0,TRUE,https://forzahorizonwiki.com/wiki/forza-horizon/soundtrack/
MUS-0074,2012-10-22,4,Finley Dam,Finley Dam Deck,Palco Dam,Horizon Bass Arena,DJ Fresh,The Power (feat. Dizzee Rascal),Drum & Bass,DJ set,19:15:00,60,Gold,7,Elite/VIP,900,745,700,37,18,755,45,83.90,141.17,98819.00,58.00,24156.39,4634.36,8.9,0,TRUE,https://forzahorizonwiki.com/wiki/forza-horizon/soundtrack/
MUS-0075,2012-10-23,5,Red Rock,Red Rock Canyon,Palco Canyon,Horizon Bass Arena,Feed Me,Silicone Lube,Electro House,DJ set,20:30:00,45,Green,2,Rookie,6624,5013,4638,281,78,4997,375,75.40,65.93,305783.34,19.75,62243.01,40509.25,9.4,0,TRUE,https://forzahorizonwiki.com/wiki/forza-horizon/soundtrack/
MUS-0076,2012-10-24,6,Finley Dam,Finley Dam Deck,Palco Dam,Horizon Bass Arena,Fenech-Soler,Lies (Alex Metric Remix),Indietronica,DJ set,21:45:00,75,Pink,4,Intermediate,3150,2549,2344,88,47,2479,205,78.70,99.19,232501.36,52.27,65105.93,24602.81,8.4,1,TRUE,https://forzahorizonwiki.com/wiki/forza-horizon/soundtrack/
MUS-0077,2012-10-25,7,Red Rock,Red Rock Canyon,Palco Canyon,Horizon Bass Arena,Madeon,Icarus,Electro House,DJ set,22:00:00,75,Purple,6,Elite,2160,1708,1650,51,31,1732,58,80.20,128.36,211794.00,45.23,58458.56,12358.69,7.6,0,TRUE,https://forzahorizonwiki.com/wiki/forza-horizon/soundtrack/
MUS-0078,2012-10-19,1,Redfoot Ranch,Redfoot Ranch Grounds,Palco Ranch,Horizon Bass Arena,Modestep,Show Me A Sign,Dubstep,DJ set,12:15:00,40,Yellow,1,Rookie,6800,4902,4427,130,69,4626,475,68.00,51.08,226131.16,19.85,61534.91,49912.24,7.6,1,TRUE,https://forzahorizonwiki.com/wiki/forza-horizon/soundtrack/
MUS-0079,2012-10-20,2,Gladstone,Gladstone Outpost,Palco Norte,Horizon Bass Arena,Mord Fustang,Lick The Rainbow,Electro House,DJ set,13:30:00,60,Blue,3,Intermediate,4992,4992,4843,265,54,4992,149,100.00,79.03,382742.29,27.97,84280.57,44813.70,8.7,1,TRUE,https://forzahorizonwiki.com/wiki/forza-horizon/soundtrack/
MUS-0080,2012-10-21,3,Redfoot Ranch,Redfoot Ranch Grounds,Palco Ranch,Horizon Bass Arena,Mr Magnetik,Remanence (Junior Remix),Electronic,DJ set,14:45:00,45,Orange,5,Advanced,3128,2759,2579,126,40,2745,180,87.80,104.25,268860.75,43.78,74253.35,24252.04,9.1,0,TRUE,https://forzahorizonwiki.com/wiki/forza-horizon/soundtrack/
MUS-0081,2012-10-22,4,Gladstone,Gladstone Outpost,Palco Norte,Horizon Bass Arena,Nero,Me & You,Dubstep,DJ set,15:00:00,55,Gold,7,Elite/VIP,1152,856,785,14,20,819,71,71.10,137.95,108290.75,40.75,18523.69,8624.39,8.7,0,TRUE,https://forzahorizonwiki.com/wiki/forza-horizon/soundtrack/
MUS-0082,2012-10-23,5,Redfoot Ranch,Redfoot Ranch Grounds,Palco Ranch,Horizon Bass Arena,Nero,Reaching Out (Fred Falke Remix),Electronic,DJ set,16:15:00,55,Green,2,Rookie,6256,5178,4919,214,86,5219,259,83.40,59.31,291745.89,44.33,138523.85,13449.00,9.2,0,TRUE,https://forzahorizonwiki.com/wiki/forza-horizon/soundtrack/
MUS-0083,2012-10-24,6,Gladstone,Gladstone Outpost,Palco Norte,Horizon Bass Arena,New Order,Blue Monday,New Wave,DJ set,17:30:00,55,Pink,4,Intermediate,4032,4032,3545,185,65,3795,487,94.10,97.86,346913.70,29.33,80205.80,17383.16,8.7,1,TRUE,https://forzahorizonwiki.com/wiki/forza-horizon/soundtrack/
MUS-0084,2012-10-25,7,Redfoot Ranch,Redfoot Ranch Grounds,Palco Ranch,Horizon Bass Arena,Porter Robinson,Language,Progressive House,DJ set,18:45:00,40,Purple,6,Elite,2040,1927,1723,84,19,1826,204,89.50,127.65,219940.95,45.84,47935.50,12211.96,7.6,0,TRUE,https://forzahorizonwiki.com/wiki/forza-horizon/soundtrack/
MUS-0085,2012-10-19,1,Montano Plains,Montano Fields,Palco Sunset,Horizon Bass Arena,Rusko,Everyday (Netsky VIP Remix),Drum & Bass,DJ set,19:00:00,45,Yellow,1,Rookie,11000,7246,6840,358,107,7305,406,66.40,56.01,383108.40,43.97,189430.53,53085.80,8.4,2,TRUE,https://forzahorizonwiki.com/wiki/forza-horizon/soundtrack/
MUS-0086,2012-10-20,2,Main Stage,Festival Central,Palco Principal,Horizon Bass Arena,Rusko,Somebody to Love (Sigma Remix),Drum & Bass,DJ set,20:15:00,60,Blue,3,Intermediate,18720,18720,16396,1039,205,17640,2324,94.20,84.26,1381526.96,34.92,309589.69,170480.71,8.6,5,TRUE,https://forzahorizonwiki.com/wiki/forza-horizon/soundtrack/
MUS-0087,2012-10-21,3,Montano Plains,Montano Fields,Palco Sunset,Horizon Bass Arena,Scuba,The Hope,Techno,DJ set,21:30:00,40,Orange,5,Advanced,5060,4604,4296,246,68,4610,308,91.10,112.07,481452.72,24.43,72187.71,31442.35,8.0,0,TRUE,https://forzahorizonwiki.com/wiki/forza-horizon/soundtrack/
MUS-0088,2012-10-22,4,Main Stage,Festival Central,Palco Principal,Horizon Bass Arena,The Hacker,Bass 4,Electro,DJ set,22:45:00,50,Gold,7,Elite/VIP,4320,3764,3344,207,39,3590,420,83.10,135.60,453446.40,46.81,128212.27,20161.65,7.8,0,TRUE,https://forzahorizonwiki.com/wiki/forza-horizon/soundtrack/
MUS-0089,2012-10-23,5,Montano Plains,Montano Fields,Palco Sunset,Horizon Bass Arena,Wolfgang Gartner,Illmerica (Extended Version),Electro House,DJ set,12:00:00,40,Green,2,Rookie,10120,9039,8372,419,146,8937,667,88.30,60.96,510357.12,47.93,244720.61,64167.07,9.6,2,TRUE,https://forzahorizonwiki.com/wiki/forza-horizon/soundtrack/
MUS-0090,2012-10-24,6,Main Stage,Festival Central,Palco Principal,Horizon Pulse,Cut Copy,Need You Now,Indietronica,Festival set,13:15:00,75,Pink,4,Intermediate,15120,10256,9511,461,233,10205,745,67.50,95.22,905637.42,44.72,340278.70,89005.54,9.0,1,TRUE,https://forzahorizonwiki.com/wiki/forza-horizon/soundtrack/
MUS-0091,2012-10-25,7,Montano Plains,Montano Fields,Palco Sunset,Horizon Pulse,Electric Guest,Awake,Indie Pop,Festival set,14:30:00,90,Purple,6,Elite,3300,3300,3120,154,33,3300,180,100.00,128.31,400327.20,52.32,88021.13,29746.08,6.8,0,TRUE,https://forzahorizonwiki.com/wiki/forza-horizon/soundtrack/
MUS-0092,2012-10-19,1,Carson,Carson Street Hub,Palco Urbano,Horizon Pulse,Empire of the Sun,Walking on a Dream,Synthpop,Festival set,15:45:00,90,Yellow,1,Rookie,9500,7355,6863,168,87,7118,492,74.90,46.28,317619.64,23.38,111808.14,83461.30,9.1,1,TRUE,https://forzahorizonwiki.com/wiki/forza-horizon/soundtrack/
MUS-0093,2012-10-20,2,Clear Springs,Clear Springs Park,Palco Pulse,Horizon Pulse,Fixers,Iron Deer Dream (Chad Valley Remix),Indie Electronic,Festival set,16:00:00,50,Blue,3,Intermediate,6396,6396,5707,144,104,5955,689,93.10,81.21,463465.47,45.60,149324.14,58695.47,8.7,0,TRUE,https://forzahorizonwiki.com/wiki/forza-horizon/soundtrack/
MUS-0094,2012-10-21,3,Carson,Carson Street Hub,Palco Urbano,Horizon Pulse,Foster The People,Don't Stop (Color on the Walls),Indie Pop,Festival set,17:15:00,45,Orange,5,Advanced,4370,3230,2815,181,58,3054,415,69.90,102.54,288650.10,50.86,80698.45,18028.68,8.7,0,TRUE,https://forzahorizonwiki.com/wiki/forza-horizon/soundtrack/
MUS-0095,2012-10-22,4,Clear Springs,Clear Springs Park,Palco Pulse,Horizon Pulse,Friendly Fires,Hawaiian Air,Indie Dance,Festival set,18:30:00,40,Gold,7,Elite/VIP,1476,925,876,18,18,912,49,61.80,139.44,122149.44,42.36,27560.49,6726.69,9.1,0,TRUE,https://forzahorizonwiki.com/wiki/forza-horizon/soundtrack/
MUS-0096,2012-10-23,5,Carson,Carson Street Hub,Palco Urbano,Horizon Pulse,Friendly Fires,Hurting,Indie Dance,Festival set,19:45:00,55,Green,2,Rookie,8740,8740,8481,459,145,9085,259,100.00,65.41,554742.21,48.48,211115.09,61619.87,7.7,2,TRUE,https://forzahorizonwiki.com/wiki/forza-horizon/soundtrack/
MUS-0097,2012-10-24,6,Clear Springs,Clear Springs Park,Palco Pulse,Horizon Pulse,Hooray for Earth,No Love,Indie Rock,Festival set,20:00:00,45,Pink,4,Intermediate,5166,4291,3773,70,45,3888,518,75.30,87.92,331722.16,30.73,80041.22,29974.09,7.5,2,TRUE,https://forzahorizonwiki.com/wiki/forza-horizon/soundtrack/
MUS-0098,2012-10-25,7,Carson,Carson Street Hub,Palco Urbano,Horizon Pulse,Hot Chip,Over & Over,Indietronica,Festival set,21:15:00,40,Purple,6,Elite,2850,2417,2241,101,25,2367,176,83.10,126.94,284472.54,45.98,77347.58,22126.67,8.7,1,TRUE,https://forzahorizonwiki.com/wiki/forza-horizon/soundtrack/
MUS-0099,2012-10-19,1,Finley Dam,Finley Dam Deck,Palco Dam,Horizon Pulse,Ladyhawke,"Black, White and Blue",Synthpop,Festival set,22:30:00,40,Yellow,1,Rookie,5000,3591,3373,127,60,3560,218,71.20,49.38,166558.74,26.49,52477.28,41150.50,8.2,0,TRUE,https://forzahorizonwiki.com/wiki/forza-horizon/soundtrack/
MUS-0100,2012-10-20,2,Red Rock,Red Rock Canyon,Palco Canyon,Horizon Pulse,Maverick Sabre,Let Me Go,Soul / Pop,Festival set,12:45:00,60,Blue,3,Intermediate,5616,3702,3576,130,86,3792,126,67.50,84.36,301671.36,37.65,93647.70,29710.59,8.3,1,TRUE,https://forzahorizonwiki.com/wiki/forza-horizon/soundtrack/
MUS-0101,2012-10-21,3,Finley Dam,Finley Dam Deck,Palco Dam,Horizon Pulse,Miike Snow,Paddling Out,Indie Pop,Festival set,13:00:00,35,Orange,5,Advanced,2300,1775,1606,84,38,1728,169,75.10,114.56,183983.36,42.61,43109.96,13807.11,8.7,1,TRUE,https://forzahorizonwiki.com/wiki/forza-horizon/soundtrack/
MUS-0102,2012-10-22,4,Red Rock,Red Rock Canyon,Palco Canyon,Horizon Pulse,Noah and the Whale,Life is Life (Yuksek Remix),Indie Electronic,Festival set,14:15:00,55,Gold,7,Elite/VIP,1296,928,894,51,18,963,34,74.30,137.04,122513.76,52.62,37171.05,11323.14,8.9,0,TRUE,https://forzahorizonwiki.com/wiki/forza-horizon/soundtrack/
MUS-0103,2012-10-23,5,Finley Dam,Finley Dam Deck,Palco Dam,Horizon Pulse,Passion Pit,Take A Walk,Indie Pop,Festival set,15:30:00,55,Green,2,Rookie,4600,4123,4008,246,74,4328,115,94.10,59.41,238115.28,27.07,83033.23,48709.94,8.3,1,TRUE,https://forzahorizonwiki.com/wiki/forza-horizon/soundtrack/
MUS-0104,2012-10-24,6,Red Rock,Red Rock Canyon,Palco Canyon,Horizon Pulse,Phoenix,1901,Indie Rock,Festival set,16:45:00,35,Pink,4,Intermediate,4536,3091,2800,51,69,2920,291,64.40,88.28,247184.00,38.64,66891.49,19884.13,8.8,1,TRUE,https://forzahorizonwiki.com/wiki/forza-horizon/soundtrack/
MUS-0105,2012-10-25,7,Finley Dam,Finley Dam Deck,Palco Dam,Horizon Pulse,Sam and the Womp,Bom Bom,Dance Pop,Festival set,17:00:00,45,Purple,6,Elite,1500,1139,997,44,25,1066,142,71.10,117.20,116848.40,44.95,32688.32,5420.59,8.1,0,TRUE,https://forzahorizonwiki.com/wiki/forza-horizon/soundtrack/
MUS-0106,2012-10-19,1,Gladstone,Gladstone Outpost,Palco Norte,Horizon Pulse,Santigold,Disparate Youth,Alternative Pop,Festival set,18:15:00,75,Yellow,1,Rookie,6400,5184,4905,258,58,5221,279,81.60,46.55,228327.75,37.82,129915.72,39188.17,8.3,1,TRUE,https://forzahorizonwiki.com/wiki/forza-horizon/soundtrack/
MUS-0107,2012-10-20,2,Redfoot Ranch,Redfoot Ranch Grounds,Palco Ranch,Horizon Pulse,Tesla Boy,Spirit of the Night,Synthpop,Festival set,19:30:00,45,Blue,3,Intermediate,5304,5304,5140,129,92,5304,164,100.00,83.70,430218.00,29.37,80380.96,38322.25,8.2,1,TRUE,https://forzahorizonwiki.com/wiki/forza-horizon/soundtrack/
MUS-0108,2012-10-21,3,Gladstone,Gladstone Outpost,Palco Norte,Horizon Pulse,The Maccabees,Pelican,Indie Rock,Festival set,20:45:00,60,Orange,5,Advanced,2944,2499,2376,102,43,2521,123,85.60,102.01,242375.76,50.71,62985.53,6751.35,9.6,0,TRUE,https://forzahorizonwiki.com/wiki/forza-horizon/soundtrack/
MUS-0109,2012-10-22,4,Redfoot Ranch,Redfoot Ranch Grounds,Palco Ranch,Horizon Pulse,The Naked & Famous,Punching in a Dream,Indie Electronic,Festival set,21:00:00,40,Gold,7,Elite/VIP,1224,1061,970,48,18,1036,91,84.60,134.67,130629.90,57.55,31692.68,11916.42,7.5,0,TRUE,https://forzahorizonwiki.com/wiki/forza-horizon/soundtrack/
MUS-0110,2012-10-23,5,Gladstone,Gladstone Outpost,Palco Norte,Horizon Pulse,Tom Vek,Aroused,Indie Electronic,Festival set,22:15:00,75,Green,2,Rookie,5888,4566,4242,86,72,4400,324,74.70,66.34,281414.28,30.87,77840.63,25191.66,8.3,1,TRUE,https://forzahorizonwiki.com/wiki/forza-horizon/soundtrack/
MUS-0111,2012-10-24,6,Redfoot Ranch,Redfoot Ranch Grounds,Palco Ranch,Horizon Pulse,Two Door Cinema Club,Something Good Can Work (The Twelves Remix),Indie Dance,Festival set,12:30:00,60,Pink,4,Intermediate,4284,3596,3463,140,73,3676,133,85.80,91.92,318318.96,51.90,128518.65,14347.62,8.9,1,TRUE,https://forzahorizonwiki.com/wiki/forza-horizon/soundtrack/
MUS-0112,2012-10-25,7,Gladstone,Gladstone Outpost,Palco Norte,Horizon Pulse,Willy Moon,Yeah Yeah,Indie Pop,Festival set,13:45:00,90,Purple,6,Elite,1920,1333,1278,67,18,1363,55,71.00,121.50,155277.00,43.28,38570.47,12227.16,9.2,0,TRUE,https://forzahorizonwiki.com/wiki/forza-horizon/soundtrack/
MUS-0113,2012-10-19,1,Main Stage,Festival Central,Palco Principal,Horizon Rocks,Arctic Monkeys,R U Mine?,Indie Rock,Live set,14:00:00,90,Yellow,1,Rookie,24000,24000,22585,1435,267,24000,1415,100.00,45.96,1038006.60,30.51,417996.37,122625.60,9.2,6,TRUE,https://forzahorizonwiki.com/wiki/forza-horizon/soundtrack/
MUS-0114,2012-10-20,2,Montano Plains,Montano Fields,Palco Sunset,Horizon Rocks,The Black Keys,Lonely Boy,Blues Rock,Live set,15:15:00,40,Blue,3,Intermediate,8580,6464,5995,106,139,6240,469,72.70,82.03,491769.85,50.70,160426.72,50817.05,7.9,2,TRUE,https://forzahorizonwiki.com/wiki/forza-horizon/soundtrack/
MUS-0115,2012-10-21,3,Main Stage,Festival Central,Palco Principal,Horizon Rocks,Four Year Strong,The Infected,Pop Punk,Live set,16:30:00,50,Orange,5,Advanced,11040,11040,9907,168,188,10263,1133,93.00,105.50,1045188.50,38.74,208836.73,31690.09,9.6,3,TRUE,https://forzahorizonwiki.com/wiki/forza-horizon/soundtrack/
MUS-0116,2012-10-22,4,Montano Plains,Montano Fields,Palco Sunset,Horizon Rocks,Howler,Back of Your Neck,Indie Rock,Live set,17:45:00,50,Gold,7,Elite/VIP,1980,1520,1367,54,19,1440,153,72.70,138.91,189889.97,58.32,53514.29,11942.14,7.5,1,TRUE,https://forzahorizonwiki.com/wiki/forza-horizon/soundtrack/
MUS-0117,2012-10-23,5,Main Stage,Festival Central,Palco Principal,Horizon Rocks,LCD Soundsystem,Give It Up,Dance Punk,Live set,18:00:00,60,Green,2,Rookie,22080,17367,15520,759,188,16467,1847,74.60,59.92,929958.40,21.53,242329.23,85618.46,8.3,2,TRUE,https://forzahorizonwiki.com/wiki/forza-horizon/soundtrack/
MUS-0118,2012-10-24,6,Montano Plains,Montano Fields,Palco Sunset,Horizon Rocks,Lostprophets,Bring Em Down,Alternative Rock,Live set,19:15:00,45,Pink,4,Intermediate,6930,6930,6121,193,95,6409,809,92.50,99.83,611059.43,31.82,138026.14,56336.93,9.2,2,TRUE,https://forzahorizonwiki.com/wiki/forza-horizon/soundtrack/
MUS-0119,2012-10-25,7,Main Stage,Festival Central,Palco Principal,Horizon Rocks,Lostprophets,We Bring An Arsenal,Alternative Rock,Live set,20:30:00,45,Purple,6,Elite,7200,4726,4330,204,81,4615,396,64.10,124.38,538565.40,51.50,166758.73,41587.78,7.6,0,TRUE,https://forzahorizonwiki.com/wiki/forza-horizon/soundtrack/
MUS-0120,2012-10-19,1,Clear Springs,Clear Springs Park,Palco Pulse,Horizon Rocks,Mona,Teenager,Alternative Rock,Live set,21:45:00,50,Yellow,1,Rookie,8200,6576,6161,204,80,6445,415,78.60,49.78,306694.58,40.55,140499.35,77338.57,8.8,2,TRUE,https://forzahorizonwiki.com/wiki/forza-horizon/soundtrack/
MUS-0121,2012-10-20,2,Carson,Carson Street Hub,Palco Urbano,Horizon Rocks,Neon Trees,Animal,Alternative Rock,Live set,22:00:00,35,Blue,3,Intermediate,7410,7105,6548,274,114,6936,557,93.60,82.27,538703.96,47.57,219548.86,56693.76,8.7,2,TRUE,https://forzahorizonwiki.com/wiki/forza-horizon/soundtrack/
MUS-0122,2012-10-21,3,Clear Springs,Clear Springs Park,Palco Pulse,Horizon Rocks,Pulled Apart By Horses,"Wildfire, Smoke & Doom",Alternative Rock,Live set,12:15:00,35,Orange,5,Advanced,3772,3462,3148,189,57,3394,314,90.00,106.75,336049.00,44.97,84137.67,22807.30,8.3,1,TRUE,https://forzahorizonwiki.com/wiki/forza-horizon/soundtrack/
MUS-0123,2012-10-22,4,Carson,Carson Street Hub,Palco Urbano,Horizon Rocks,Silversun Pickups,Lazy Eye,Alternative Rock,Live set,13:30:00,90,Gold,7,Elite/VIP,1710,1390,1277,38,27,1342,113,78.50,141.66,180899.82,33.61,30828.65,10627.28,7.5,0,TRUE,https://forzahorizonwiki.com/wiki/forza-horizon/soundtrack/
MUS-0124,2012-10-23,5,Clear Springs,Clear Springs Park,Palco Pulse,Horizon Rocks,The Duke Spirit,Surrender,Alternative Rock,Live set,14:45:00,50,Green,2,Rookie,7544,7201,6640,238,72,6950,561,92.10,70.22,466260.80,22.89,88292.61,59708.85,9.1,1,TRUE,https://forzahorizonwiki.com/wiki/forza-horizon/soundtrack/
MUS-0125,2012-10-24,6,Carson,Carson Street Hub,Palco Urbano,Horizon Rocks,The Enemy,Away from Here,Indie Rock,Live set,15:00:00,45,Pink,4,Intermediate,5985,3974,3521,202,64,3787,453,63.30,90.82,319777.22,50.26,99774.28,25206.23,8.9,0,TRUE,https://forzahorizonwiki.com/wiki/forza-horizon/soundtrack/
MUS-0126,2012-10-25,7,Clear Springs,Clear Springs Park,Palco Pulse,Horizon Rocks,The Enemy,Had Enough,Indie Rock,Live set,16:15:00,60,Purple,6,Elite,2460,2002,1878,30,20,1928,124,78.40,118.30,222167.40,56.63,64687.85,5336.28,9.6,0,TRUE,https://forzahorizonwiki.com/wiki/forza-horizon/soundtrack/
MUS-0127,2012-10-19,1,Red Rock,Red Rock Canyon,Palco Canyon,Horizon Rocks,The Hives,Hate To Say I Told You So,Garage Rock,Live set,17:30:00,90,Yellow,1,Rookie,7200,6476,5775,126,78,5979,701,83.00,54.75,316181.25,21.10,87257.79,40428.29,8.8,1,TRUE,https://forzahorizonwiki.com/wiki/forza-horizon/soundtrack/
MUS-0128,2012-10-20,2,Finley Dam,Finley Dam Deck,Palco Dam,Horizon Rocks,The Stone Roses,She Bangs The Drums,Alternative Rock,Live set,18:45:00,75,Blue,3,Intermediate,3900,2847,2526,107,59,2692,321,69.00,74.56,188338.56,29.33,45032.39,7951.14,7.5,1,TRUE,https://forzahorizonwiki.com/wiki/forza-horizon/soundtrack/
MUS-0129,2012-10-21,3,Red Rock,Red Rock Canyon,Palco Canyon,Horizon Rocks,The Subways,Rock & Roll Queen,Indie Rock,Live set,19:00:00,35,Orange,5,Advanced,3312,2704,2604,156,46,2806,100,84.70,109.85,286049.40,41.83,81641.73,14779.44,9.1,0,TRUE,https://forzahorizonwiki.com/wiki/forza-horizon/soundtrack/
MUS-0130,2012-10-22,4,Finley Dam,Finley Dam Deck,Palco Dam,Horizon Rocks,TOY,Motoring,PSYCHEDELIC ROCK,Live set,20:15:00,60,Gold,7,Elite/VIP,900,778,743,35,18,796,35,88.40,129.95,96552.85,43.91,22096.82,9463.76,7.9,0,TRUE,https://forzahorizonwiki.com/wiki/forza-horizon/soundtrack/
MUS-0131,2012-10-23,5,Red Rock,Red Rock Canyon,Palco Canyon,Horizon Rocks,Wavves,Bug,Noise Pop,Live set,21:30:00,35,Green,2,Rookie,6624,5445,4945,316,69,5330,500,80.50,64.00,316480.00,20.69,60910.54,46597.48,9.2,1,TRUE,https://forzahorizonwiki.com/wiki/forza-horizon/soundtrack/
MUS-0132,2012-10-24,6,Finley Dam,Finley Dam Deck,Palco Dam,Horizon Rocks,White Lies,Farewell to the Fairground,Post Punk,Live set,22:45:00,45,Pink,4,Intermediate,3150,2977,2860,93,35,2988,117,94.90,98.63,282081.80,43.43,100472.97,21053.59,8.6,1,TRUE,https://forzahorizonwiki.com/wiki/forza-horizon/soundtrack/
MUS-0133,2012-10-25,7,Red Rock,Red Rock Canyon,Palco Canyon,Horizon Rocks,You Me At Six,Bite My Tongue (feat. Oli Sykes),Post Hardcore,Live set,12:00:00,50,Purple,6,Elite,2160,2004,1755,29,21,1805,249,83.60,127.40,223587.00,35.58,36800.61,11341.05,8.8,0,TRUE,https://forzahorizonwiki.com/wiki/forza-horizon/soundtrack/
MUS-0134,2012-10-19,1,Redfoot Ranch,Redfoot Ranch Grounds,Palco Ranch,Horizon Rocks,Yuck,Get Away,Indie Rock,Live set,13:15:00,35,Yellow,1,Rookie,6800,4323,3921,114,113,4148,402,61.00,57.12,223967.52,27.09,58133.43,24872.16,9.3,0,TRUE,https://forzahorizonwiki.com/wiki/forza-horizon/soundtrack/
MUS-0135,2012-10-20,2,Gladstone,Gladstone Outpost,Palco Norte,Horizon Bass Arena,Avicii,Levels (Skrillex Mix),EDM,DJ set,14:30:00,90,Blue,3,Intermediate,4992,4992,4664,297,64,4992,328,100.00,78.14,364444.96,45.12,126137.51,16397.77,7.9,1,TRUE,https://forzahorizonwiki.com/wiki/forza-horizon/soundtrack/
MUS-0136,2012-10-21,3,Redfoot Ranch,Redfoot Ranch Grounds,Palco Ranch,Horizon Bass Arena,Azari & III,Reckless (With Your Love),Electro / House,DJ set,15:45:00,60,Orange,5,Advanced,3128,3128,2990,88,28,3106,138,99.30,110.25,329647.50,33.50,68755.49,20338.41,8.3,0,TRUE,https://forzahorizonwiki.com/wiki/forza-horizon/soundtrack/
MUS-0137,2012-10-22,4,Gladstone,Gladstone Outpost,Palco Norte,Horizon Bass Arena,Benny Benassi,Cinema (Skrillex Remix),Electro House,DJ set,16:00:00,55,Gold,7,Elite/VIP,1152,735,649,21,20,690,86,59.90,137.95,89529.55,52.14,17887.83,6124.61,7.9,0,TRUE,https://forzahorizonwiki.com/wiki/forza-horizon/soundtrack/
MUS-0138,2012-10-23,5,Redfoot Ranch,Redfoot Ranch Grounds,Palco Ranch,Horizon Bass Arena,Chase & Status,Blind Faith (feat. Liam Bailey),Drum & Bass,DJ set,17:15:00,90,Green,2,Rookie,6256,5896,5649,93,103,5845,247,93.40,59.49,336059.01,20.68,86250.63,34953.80,7.9,1,TRUE,https://forzahorizonwiki.com/wiki/forza-horizon/soundtrack/
MUS-0139,2012-10-24,6,Gladstone,Gladstone Outpost,Palco Norte,Horizon Bass Arena,Chromeo,Hot Mess (Duck Sauce Mix),Electro Funk,DJ set,18:30:00,40,Pink,4,Intermediate,4032,3548,3206,200,47,3453,342,85.60,95.03,304666.18,38.61,79913.57,29940.37,8.5,1,TRUE,https://forzahorizonwiki.com/wiki/forza-horizon/soundtrack/
MUS-0140,2012-10-25,7,Redfoot Ranch,Redfoot Ranch Grounds,Palco Ranch,Horizon Bass Arena,Digitalism,Encore,Electro,DJ set,19:45:00,55,Purple,6,Elite,2040,1910,1762,60,27,1849,148,90.60,125.85,221747.70,47.63,47941.61,15370.43,7.7,0,TRUE,https://forzahorizonwiki.com/wiki/forza-horizon/soundtrack/
MUS-0141,2012-10-19,1,Montano Plains,Montano Fields,Palco Sunset,Horizon Bass Arena,DJ Fresh,The Power (feat. Dizzee Rascal),Drum & Bass,DJ set,20:00:00,90,Yellow,1,Rookie,11000,7766,7461,139,106,7706,305,70.10,58.96,439900.56,41.93,248883.40,91489.17,8.0,0,TRUE,https://forzahorizonwiki.com/wiki/forza-horizon/soundtrack/
MUS-0142,2012-10-20,2,Main Stage,Festival Central,Palco Principal,Horizon Bass Arena,Feed Me,Silicone Lube,Electro House,DJ set,21:15:00,45,Blue,3,Intermediate,18720,16033,15143,454,179,15776,890,84.30,84.11,1273677.73,36.17,294672.08,69561.33,9.2,4,TRUE,https://forzahorizonwiki.com/wiki/forza-horizon/soundtrack/
MUS-0143,2012-10-21,3,Montano Plains,Montano Fields,Palco Sunset,Horizon Bass Arena,Fenech-Soler,Lies (Alex Metric Remix),Indietronica,DJ set,22:30:00,45,Orange,5,Advanced,5060,3194,2928,97,81,3106,266,61.40,109.57,320820.96,26.67,47447.99,37260.05,8.3,0,TRUE,https://forzahorizonwiki.com/wiki/forza-horizon/soundtrack/
MUS-0144,2012-10-22,4,Main Stage,Festival Central,Palco Principal,Horizon Bass Arena,Madeon,Icarus,Electro House,DJ set,12:45:00,40,Gold,7,Elite/VIP,4320,4107,3649,68,76,3793,458,87.80,135.30,493709.70,48.68,107712.45,41118.48,8.7,0,TRUE,https://forzahorizonwiki.com/wiki/forza-horizon/soundtrack/
MUS-0145,2012-10-23,5,Montano Plains,Montano Fields,Palco Sunset,Horizon Bass Arena,Modestep,Show Me A Sign,Dubstep,DJ set,13:00:00,35,Green,2,Rookie,10120,7066,6172,226,173,6571,894,64.90,70.64,435990.08,34.66,130099.80,26538.21,8.9,1,TRUE,https://forzahorizonwiki.com/wiki/forza-horizon/soundtrack/
MUS-0146,2012-10-24,6,Main Stage,Festival Central,Palco Principal,Horizon Bass Arena,Mord Fustang,Lick The Rainbow,Electro House,DJ set,14:15:00,50,Pink,4,Intermediate,15120,15120,13918,406,132,14456,1202,95.60,95.89,1334597.02,39.28,293881.90,77727.51,7.7,3,TRUE,https://forzahorizonwiki.com/wiki/forza-horizon/soundtrack/
MUS-0147,2012-10-25,7,Montano Plains,Montano Fields,Palco Sunset,Horizon Bass Arena,Mr Magnetik,Remanence (Junior Remix),Electronic,DJ set,15:30:00,60,Purple,6,Elite,3300,2285,2001,45,48,2094,284,63.50,126.80,253726.80,43.27,65923.29,5799.43,9.4,0,TRUE,https://forzahorizonwiki.com/wiki/forza-horizon/soundtrack/
MUS-0148,2012-10-19,1,Carson,Carson Street Hub,Palco Urbano,Horizon Bass Arena,Nero,Me & You,Dubstep,DJ set,16:45:00,35,Yellow,1,Rookie,9500,8246,7476,398,115,7989,770,84.10,51.97,388527.72,36.24,164130.09,92577.94,7.3,2,TRUE,https://forzahorizonwiki.com/wiki/forza-horizon/soundtrack/
MUS-0149,2012-10-20,2,Clear Springs,Clear Springs Park,Palco Pulse,Horizon Bass Arena,Nero,Reaching Out (Fred Falke Remix),Electronic,DJ set,17:00:00,90,Blue,3,Intermediate,6396,5849,5520,102,55,5677,329,88.80,78.82,435086.40,34.80,114991.10,21940.77,8.9,0,TRUE,https://forzahorizonwiki.com/wiki/forza-horizon/soundtrack/
MUS-0150,2012-10-21,3,Carson,Carson Street Hub,Palco Urbano,Horizon Bass Arena,New Order,Blue Monday,New Wave,DJ set,18:15:00,40,Orange,5,Advanced,4370,4370,4102,143,68,4313,268,98.70,105.47,432637.94,38.46,92931.73,20940.60,8.9,1,TRUE,https://forzahorizonwiki.com/wiki/forza-horizon/soundtrack/
MUS-0151,2012-10-22,4,Clear Springs,Clear Springs Park,Palco Pulse,Horizon Bass Arena,Porter Robinson,Language,Progressive House,DJ set,19:30:00,45,Gold,7,Elite/VIP,1476,1158,1054,28,24,1106,104,74.90,140.39,147971.06,56.55,43552.01,4759.59,9.7,2,TRUE,https://forzahorizonwiki.com/wiki/forza-horizon/soundtrack/
MUS-0152,2012-10-23,5,Carson,Carson Street Hub,Palco Urbano,Horizon Bass Arena,Rusko,Everyday (Netsky VIP Remix),Drum & Bass,DJ set,20:45:00,75,Green,2,Rookie,8740,7173,6331,252,77,6660,842,76.20,66.08,418352.48,48.57,176146.81,38977.67,9.2,1,TRUE,https://forzahorizonwiki.com/wiki/forza-horizon/soundtrack/
MUS-0153,2012-10-24,6,Clear Springs,Clear Springs Park,Palco Pulse,Horizon Bass Arena,Rusko,Somebody to Love (Sigma Remix),Drum & Bass,DJ set,21:00:00,40,Pink,4,Intermediate,5166,5162,4678,180,69,4927,484,95.40,93.03,435194.34,49.56,170500.76,48070.96,8.1,1,TRUE,https://forzahorizonwiki.com/wiki/forza-horizon/soundtrack/
MUS-0154,2012-10-25,7,Carson,Carson Street Hub,Palco Urbano,Horizon Bass Arena,Scuba,The Hope,Techno,DJ set,22:15:00,90,Purple,6,Elite,2850,2465,2352,100,24,2476,113,86.90,125.70,295646.40,34.47,66291.90,22194.34,9.8,1,TRUE,https://forzahorizonwiki.com/wiki/forza-horizon/soundtrack/
MUS-0155,2012-10-19,1,Finley Dam,Finley Dam Deck,Palco Dam,Horizon Bass Arena,The Hacker,Bass 4,Electro,DJ set,12:30:00,45,Yellow,1,Rookie,5000,3946,3518,112,86,3716,428,74.30,47.79,168125.22,32.58,76275.22,10889.30,8.9,1,TRUE,https://forzahorizonwiki.com/wiki/forza-horizon/soundtrack/
MUS-0156,2012-10-20,2,Red Rock,Red Rock Canyon,Palco Canyon,Horizon Bass Arena,Wolfgang Gartner,Illmerica (Extended Version),Electro House,DJ set,13:45:00,60,Blue,3,Intermediate,5616,4625,4287,194,73,4554,338,81.10,86.04,368853.48,30.27,82418.39,38056.66,9.0,0,TRUE,https://forzahorizonwiki.com/wiki/forza-horizon/soundtrack/
MUS-0157,2012-10-21,3,Finley Dam,Finley Dam Deck,Palco Dam,Horizon Pulse,Cut Copy,Need You Now,Indietronica,Festival set,14:00:00,90,Orange,5,Advanced,2300,1927,1775,70,31,1876,152,81.60,112.42,199545.50,35.42,45326.91,22153.74,7.5,0,TRUE,https://forzahorizonwiki.com/wiki/forza-horizon/soundtrack/
MUS-0158,2012-10-22,4,Red Rock,Red Rock Canyon,Palco Canyon,Horizon Pulse,Electric Guest,Awake,Indie Pop,Festival set,15:15:00,50,Gold,7,Elite/VIP,1296,1207,1089,17,18,1124,118,86.70,139.10,151479.90,45.69,27277.69,9526.73,7.6,0,TRUE,https://forzahorizonwiki.com/wiki/forza-horizon/soundtrack/
MUS-0159,2012-10-23,5,Finley Dam,Finley Dam Deck,Palco Dam,Horizon Pulse,Empire of the Sun,Walking on a Dream,Synthpop,Festival set,16:30:00,40,Green,2,Rookie,4600,3144,2840,47,80,2967,304,64.50,61.67,175142.80,32.27,57986.49,19057.40,8.7,1,TRUE,https://forzahorizonwiki.com/wiki/forza-horizon/soundtrack/
MUS-0160,2012-10-24,6,Red Rock,Red Rock Canyon,Palco Canyon,Horizon Pulse,Fixers,Iron Deer Dream (Chad Valley Remix),Indie Electronic,Festival set,17:45:00,45,Pink,4,Intermediate,4536,4004,3705,212,69,3986,299,87.90,94.26,349233.30,39.59,122999.61,28079.47,7.3,2,TRUE,https://forzahorizonwiki.com/wiki/forza-horizon/soundtrack/
MUS-0161,2012-10-25,7,Finley Dam,Finley Dam Deck,Palco Dam,Horizon Pulse,Foster The People,Don't Stop (Color on the Walls),Indie Pop,Festival set,18:00:00,55,Purple,6,Elite,1500,1226,1126,47,22,1195,100,79.70,123.54,139106.04,31.76,21024.39,9323.18,8.8,2,TRUE,https://forzahorizonwiki.com/wiki/forza-horizon/soundtrack/
MUS-0162,2012-10-19,1,Gladstone,Gladstone Outpost,Palco Norte,Horizon Pulse,Friendly Fires,Hawaiian Air,Indie Dance,Festival set,19:15:00,60,Yellow,1,Rookie,6400,4787,4522,114,96,4732,265,73.90,51.72,233877.84,34.18,122978.12,44271.70,8.3,2,TRUE,https://forzahorizonwiki.com/wiki/forza-horizon/soundtrack/
MUS-0163,2012-10-20,2,Redfoot Ranch,Redfoot Ranch Grounds,Palco Ranch,Horizon Pulse,Friendly Fires,Hurting,Indie Dance,Festival set,20:30:00,45,Blue,3,Intermediate,5304,4527,3988,138,60,4186,539,78.90,77.07,307355.16,29.32,85206.81,24238.84,8.0,1,TRUE,https://forzahorizonwiki.com/wiki/forza-horizon/soundtrack/
MUS-0164,2012-10-21,3,Gladstone,Gladstone Outpost,Palco Norte,Horizon Pulse,Hooray for Earth,No Love,Indie Rock,Festival set,21:45:00,55,Orange,5,Advanced,2944,2431,2318,97,51,2466,113,83.80,102.92,238568.56,43.09,69711.74,11845.06,8.1,0,TRUE,https://forzahorizonwiki.com/wiki/forza-horizon/soundtrack/
MUS-0165,2012-10-22,4,Redfoot Ranch,Redfoot Ranch Grounds,Palco Ranch,Horizon Pulse,Hot Chip,Over & Over,Indietronica,Festival set,22:00:00,40,Gold,7,Elite/VIP,1224,1094,1060,37,18,1115,34,91.10,138.54,146852.40,31.86,27330.51,13146.02,9.0,1,TRUE,https://forzahorizonwiki.com/wiki/forza-horizon/soundtrack/
MUS-0166,2012-10-23,5,Gladstone,Gladstone Outpost,Palco Norte,Horizon Pulse,Ladyhawke,"Black, White and Blue",Synthpop,Festival set,12:15:00,55,Green,2,Rookie,5888,5880,5439,258,91,5788,441,98.30,63.50,345376.50,38.62,168181.67,19389.09,7.8,0,TRUE,https://forzahorizonwiki.com/wiki/forza-horizon/soundtrack/
MUS-0167,2012-10-24,6,Redfoot Ranch,Redfoot Ranch Grounds,Palco Ranch,Horizon Pulse,Maverick Sabre,Let Me Go,Soul / Pop,Festival set,13:30:00,45,Pink,4,Intermediate,4284,3988,3496,212,41,3749,492,87.50,100.07,349844.72,23.33,63924.15,37436.11,8.9,1,TRUE,https://forzahorizonwiki.com/wiki/forza-horizon/soundtrack/
MUS-0168,2012-10-25,7,Gladstone,Gladstone Outpost,Palco Norte,Horizon Pulse,Miike Snow,Paddling Out,Indie Pop,Festival set,14:45:00,40,Purple,6,Elite,1920,1910,1804,30,21,1855,106,96.60,128.00,230912.00,36.19,41374.05,15939.03,7.2,0,TRUE,https://forzahorizonwiki.com/wiki/forza-horizon/soundtrack/
MUS-0169,2012-10-19,1,Main Stage,Festival Central,Palco Principal,Horizon Pulse,Noah and the Whale,Life is Life (Yuksek Remix),Indie Electronic,Festival set,15:00:00,60,Yellow,1,Rookie,24000,16264,14996,429,386,15811,1268,65.90,47.27,708860.92,31.03,273360.79,67495.44,8.4,2,TRUE,https://forzahorizonwiki.com/wiki/forza-horizon/soundtrack/
MUS-0170,2012-10-20,2,Montano Plains,Montano Fields,Palco Sunset,Horizon Pulse,Passion Pit,Take A Walk,Indie Pop,Festival set,16:15:00,75,Blue,3,Intermediate,8580,7414,6639,157,142,6938,775,80.90,84.58,561526.62,36.37,127686.92,61456.32,8.6,2,TRUE,https://forzahorizonwiki.com/wiki/forza-horizon/soundtrack/
MUS-0171,2012-10-21,3,Main Stage,Festival Central,Palco Principal,Horizon Pulse,Phoenix,1901,Indie Rock,Festival set,17:30:00,55,Orange,5,Advanced,11040,8381,7953,222,114,8289,428,75.10,114.36,909505.08,33.36,192697.77,21623.01,7.9,1,TRUE,https://forzahorizonwiki.com/wiki/forza-horizon/soundtrack/
MUS-0172,2012-10-22,4,Montano Plains,Montano Fields,Palco Sunset,Horizon Pulse,Sam and the Womp,Bom Bom,Dance Pop,Festival set,18:45:00,55,Gold,7,Elite/VIP,1980,1280,1232,37,23,1292,48,65.30,138.66,170829.12,47.40,46677.17,7741.23,8.8,2,TRUE,https://forzahorizonwiki.com/wiki/forza-horizon/soundtrack/
MUS-0173,2012-10-23,5,Main Stage,Festival Central,Palco Principal,Horizon Pulse,Santigold,Disparate Youth,Alternative Pop,Festival set,19:00:00,90,Green,2,Rookie,22080,18229,16902,1089,259,18250,1327,82.70,69.60,1176379.20,43.46,577156.59,177712.41,8.1,3,TRUE,https://forzahorizonwiki.com/wiki/forza-horizon/soundtrack/
MUS-0174,2012-10-24,6,Montano Plains,Montano Fields,Palco Sunset,Horizon Pulse,Tesla Boy,Spirit of the Night,Synthpop,Festival set,20:15:00,40,Pink,4,Intermediate,6930,6642,6109,252,80,6441,533,92.90,87.86,536736.74,39.18,159401.19,51145.83,8.8,2,TRUE,https://forzahorizonwiki.com/wiki/forza-horizon/soundtrack/
MUS-0175,2012-10-25,7,Main Stage,Festival Central,Palco Principal,Horizon Pulse,The Maccabees,Pelican,Indie Rock,Festival set,21:30:00,40,Purple,6,Elite,7200,6074,5848,147,99,6094,226,84.60,127.58,746087.84,39.61,119892.87,22873.65,7.8,1,TRUE,https://forzahorizonwiki.com/wiki/forza-horizon/soundtrack/
MUS-0176,2012-10-19,1,Clear Springs,Clear Springs Park,Palco Pulse,Horizon Pulse,The Naked & Famous,Punching in a Dream,Indie Electronic,Festival set,22:45:00,55,Yellow,1,Rookie,8200,7054,6379,193,67,6639,675,81.00,56.43,359966.97,39.92,173194.62,19453.95,8.4,1,TRUE,https://forzahorizonwiki.com/wiki/forza-horizon/soundtrack/
MUS-0177,2012-10-20,2,Carson,Carson Street Hub,Palco Urbano,Horizon Pulse,Tom Vek,Aroused,Indie Electronic,Festival set,12:00:00,35,Blue,3,Intermediate,7410,7410,6497,119,128,6744,913,91.00,77.02,500398.94,25.98,91218.89,57961.22,8.3,0,TRUE,https://forzahorizonwiki.com/wiki/forza-horizon/soundtrack/
MUS-0178,2012-10-21,3,Clear Springs,Clear Springs Park,Palco Pulse,Horizon Pulse,Two Door Cinema Club,Something Good Can Work (The Twelves Remix),Indie Dance,Festival set,13:15:00,75,Orange,5,Advanced,3772,2946,2596,97,64,2757,350,73.10,106.26,275850.96,45.16,84482.10,21017.58,8.2,0,TRUE,https://forzahorizonwiki.com/wiki/forza-horizon/soundtrack/
MUS-0179,2012-10-22,4,Carson,Carson Street Hub,Palco Urbano,Horizon Pulse,Willy Moon,Yeah Yeah,Indie Pop,Festival set,14:30:00,50,Gold,7,Elite/VIP,1710,1191,1094,45,26,1165,97,68.10,140.69,153914.86,51.04,45996.35,8036.80,8.4,0,TRUE,https://forzahorizonwiki.com/wiki/forza-horizon/soundtrack/
MUS-0180,2012-10-23,5,Clear Springs,Clear Springs Park,Palco Pulse,Horizon Rocks,Arctic Monkeys,R U Mine?,Indie Rock,Live set,15:45:00,50,Green,2,Rookie,7544,5907,5616,213,72,5901,291,78.20,72.12,405025.92,41.08,124564.78,60131.44,7.5,1,TRUE,https://forzahorizonwiki.com/wiki/forza-horizon/soundtrack/
